[0.000000] (-) TimerEvent: {}
[0.000235] (ros_tcp_endpoint) JobQueued: {'identifier': 'ros_tcp_endpoint', 'dependencies': OrderedDict()}
[0.000259] (simulator_messages) JobQueued: {'identifier': 'simulator_messages', 'dependencies': OrderedDict()}
[0.000270] (vln_connector) JobQueued: {'identifier': 'vln_connector', 'dependencies': OrderedDict({'simulator_messages': '/home/pengyh/workspace/FreeAskAgent/closed_loop/ros2/install/simulator_messages'})}
[0.000282] (simulator_messages) JobStarted: {'identifier': 'simulator_messages'}
[0.005862] (ros_tcp_endpoint) JobStarted: {'identifier': 'ros_tcp_endpoint'}
[0.011289] (simulator_messages) JobProgress: {'identifier': 'simulator_messages', 'progress': 'cmake'}
[0.012279] (simulator_messages) Command: {'cmd': ['/usr/bin/cmake', '/home/pengyh/workspace/FreeAskAgent/closed_loop/ros2/src/simulator_messages', '-DCATKIN_INSTALL_INTO_PREFIX_ROOT=0', '-DCMAKE_INSTALL_PREFIX=/home/pengyh/workspace/FreeAskAgent/closed_loop/ros2/install/simulator_messages'], 'cwd': '/home/pengyh/workspace/FreeAskAgent/closed_loop/ros2/build/simulator_messages', 'env': OrderedDict({'PYTHON_BASIC_REPL': '1', 'LESSOPEN': '| /usr/bin/lesspipe %s', 'no_proxy': 'localhost,127.0.0.1,::1', 'USER': 'pengyh', 'GZ_CONFIG_PATH': '/opt/ros/jazzy/opt/gz_sim_vendor/share/gz:/opt/ros/jazzy/opt/sdformat_vendor/share/gz:/opt/ros/jazzy/opt/gz_gui_vendor/share/gz:/opt/ros/jazzy/opt/gz_transport_vendor/share/gz:/opt/ros/jazzy/opt/gz_rendering_vendor/share/gz:/opt/ros/jazzy/opt/gz_plugin_vendor/share/gz:/opt/ros/jazzy/opt/gz_fuel_tools_vendor/share/gz:/opt/ros/jazzy/opt/gz_msgs_vendor/share/gz:/opt/ros/jazzy/opt/gz_common_vendor/share/gz', 'all_proxy': 'http://192.168.31.44:4780', 'GIT_ASKPASS': '/home/pengyh/.vscode-server/bin/94e8ae2b28cb5cc932b86e1070569c4463565c37/extensions/git/dist/askpass.sh', 'SHLVL': '1', 'LD_LIBRARY_PATH': '/opt/ros/jazzy/opt/gz_sim_vendor/lib:/opt/ros/jazzy/opt/gz_sensors_vendor/lib:/opt/ros/jazzy/opt/gz_physics_vendor/lib:/opt/ros/jazzy/opt/sdformat_vendor/lib:/opt/ros/jazzy/opt/rviz_ogre_vendor/lib:/opt/ros/jazzy/lib/x86_64-linux-gnu:/opt/ros/jazzy/opt/gz_gui_vendor/lib:/opt/ros/jazzy/opt/gz_transport_vendor/lib:/opt/ros/jazzy/opt/gz_rendering_vendor/lib:/opt/ros/jazzy/opt/gz_plugin_vendor/lib:/opt/ros/jazzy/opt/gz_fuel_tools_vendor/lib:/opt/ros/jazzy/opt/gz_msgs_vendor/lib:/opt/ros/jazzy/opt/gz_common_vendor/lib:/opt/ros/jazzy/opt/gz_math_vendor/lib:/opt/ros/jazzy/opt/gz_utils_vendor/lib:/opt/ros/jazzy/opt/gz_tools_vendor/lib:/opt/ros/jazzy/opt/gz_ogre_next_vendor/lib:/opt/ros/jazzy/opt/gz_dartsim_vendor/lib:/opt/ros/jazzy/opt/gz_cmake_vendor/lib:/opt/ros/jazzy/lib', 'HOME': '/home/pengyh', 'CONDA_SHLVL': '0', 'OLDPWD': '/home/pengyh/workspace/FreeAskAgent', 'TERM_PROGRAM_VERSION': '1.108.0', 'VSCODE_IPC_HOOK_CLI': '/run/user/1000/vscode-ipc-6557994e-91c9-4cff-9acb-d90404003dd8.sock', 'ROS_PYTHON_VERSION': '3', 'VSCODE_GIT_ASKPASS_MAIN': '/home/pengyh/.vscode-server/bin/94e8ae2b28cb5cc932b86e1070569c4463565c37/extensions/git/dist/askpass-main.js', 'VSCODE_GIT_ASKPASS_NODE': '/home/pengyh/.vscode-server/bin/94e8ae2b28cb5cc932b86e1070569c4463565c37/node', 'PYDEVD_DISABLE_FILE_VALIDATION': '1', 'BUNDLED_DEBUGPY_PATH': '/home/pengyh/.vscode-server/extensions/ms-python.debugpy-2025.18.0/bundled/libs/debugpy', 'VSCODE_PYTHON_AUTOACTIVATE_GUARD': '1', 'DBUS_SESSION_BUS_ADDRESS': 'unix:path=/run/user/1000/bus', 'COLORTERM': 'truecolor', '_CE_M': '', 'WSL_DISTRO_NAME': 'Ubuntu-24.04', 'DEBUGINFOD_URLS': 'https://debuginfod.ubuntu.com', 'WAYLAND_DISPLAY': 'wayland-0', 'https_proxy': 'http://192.168.31.44:4780', 'ROS_DISTRO': 'jazzy', 'LOGNAME': 'pengyh', 'NAME': 'Doraemon-Desktop', 'WSL_INTEROP': '/run/WSL/546_interop', 'http_proxy': 'http://192.168.31.44:4780', 'PULSE_SERVER': 'unix:/mnt/wslg/PulseServer', '_': '/usr/bin/colcon', 'ROS_VERSION': '2', 'TERM': 'xterm-256color', '_CE_CONDA': '', 'PATH': '/home/pengyh/.vscode-server/data/User/globalStorage/github.copilot-chat/debugCommand:/home/pengyh/.vscode-server/data/User/globalStorage/github.copilot-chat/copilotCli:/home/pengyh/.vscode-server/bin/94e8ae2b28cb5cc932b86e1070569c4463565c37/bin/remote-cli:/opt/ros/jazzy/opt/gz_msgs_vendor/bin:/opt/ros/jazzy/opt/gz_tools_vendor/bin:/opt/ros/jazzy/opt/gz_ogre_next_vendor/bin:/opt/ros/jazzy/bin:/home/pengyh/softwares/anaconda3/condabin:/usr/local/sbin:/usr/local/bin:/usr/sbin:/usr/bin:/sbin:/bin:/usr/games:/usr/local/games:/usr/lib/wsl/lib:/mnt/c/Program Files/NVIDIA GPU Computing Toolkit/CUDA/v12.9/bin:/mnt/c/Program Files/NVIDIA GPU Computing Toolkit/CUDA/v12.9/libnvvp:/mnt/d/Softwares/PlasticSCM/server:/mnt/d/Softwares/PlasticSCM/client:/mnt/c/WINDOWS/system32:/mnt/c/WINDOWS:/mnt/c/WINDOWS/System32/Wbem:/mnt/c/WINDOWS/System32/WindowsPowerShell/v1.0/:/mnt/c/WINDOWS/System32/OpenSSH/:/mnt/c/Program Files/NVIDIA Corporation/NVIDIA App/NvDLISR:/mnt/c/Program Files (x86)/NVIDIA Corporation/PhysX/Common:/mnt/c/Program Files/dotnet/:/mnt/d/Softwares/Git/Git/cmd:/mnt/c/Program Files/NVIDIA Corporation/Nsight Compute 2022.1.0/:/mnt/c/Program Files/Docker/Docker/resources/bin:/mnt/c/Program Files (x86)/Windows Kits/10/Windows Performance Toolkit/:/mnt/c/Users/彭宇航/AppData/Local/Microsoft/WindowsApps:/mnt/d/Softwares/VSCode/Microsoft VS Code/bin:/mnt/d/Tools/Anaconda:/mnt/d/Tools/Anaconda/Scripts:/mnt/d/Tools/Anaconda/Library/bin:/mnt/c/Users/彭宇航/.dotnet/tools:/snap/bin:/home/pengyh/.vscode-server/extensions/ms-python.debugpy-2025.18.0/bundled/scripts/noConfigScripts', 'XDG_RUNTIME_DIR': '/run/user/1000/', 'DISPLAY': ':0', 'VSCODE_DEBUGPY_ADAPTER_ENDPOINTS': '/home/pengyh/.vscode-server/extensions/ms-python.debugpy-2025.18.0/.noConfigDebugAdapterEndpoints/endpoint-8b119c96603a3506.txt', 'LANG': 'C.UTF-8', 'PYTHONSTARTUP': '/home/pengyh/.vscode-server/data/User/workspaceStorage/5974480726cefb12346fe730c9286c7b/ms-python.python/pythonrc.py', 'LS_COLORS': 'rs=0:di=01;34:ln=01;36:mh=00:pi=40;33:so=01;35:do=01;35:bd=40;33;01:cd=40;33;01:or=40;31;01:mi=00:su=37;41:sg=30;43:ca=00:tw=30;42:ow=34;42:st=37;44:ex=01;32:*.tar=01;31:*.tgz=01;31:*.arc=01;31:*.arj=01;31:*.taz=01;31:*.lha=01;31:*.lz4=01;31:*.lzh=01;31:*.lzma=01;31:*.tlz=01;31:*.txz=01;31:*.tzo=01;31:*.t7z=01;31:*.zip=01;31:*.z=01;31:*.dz=01;31:*.gz=01;31:*.lrz=01;31:*.lz=01;31:*.lzo=01;31:*.xz=01;31:*.zst=01;31:*.tzst=01;31:*.bz2=01;31:*.bz=01;31:*.tbz=01;31:*.tbz2=01;31:*.tz=01;31:*.deb=01;31:*.rpm=01;31:*.jar=01;31:*.war=01;31:*.ear=01;31:*.sar=01;31:*.rar=01;31:*.alz=01;31:*.ace=01;31:*.zoo=01;31:*.cpio=01;31:*.7z=01;31:*.rz=01;31:*.cab=01;31:*.wim=01;31:*.swm=01;31:*.dwm=01;31:*.esd=01;31:*.avif=01;35:*.jpg=01;35:*.jpeg=01;35:*.mjpg=01;35:*.mjpeg=01;35:*.gif=01;35:*.bmp=01;35:*.pbm=01;35:*.pgm=01;35:*.ppm=01;35:*.tga=01;35:*.xbm=01;35:*.xpm=01;35:*.tif=01;35:*.tiff=01;35:*.png=01;35:*.svg=01;35:*.svgz=01;35:*.mng=01;35:*.pcx=01;35:*.mov=01;35:*.mpg=01;35:*.mpeg=01;35:*.m2v=01;35:*.mkv=01;35:*.webm=01;35:*.webp=01;35:*.ogm=01;35:*.mp4=01;35:*.m4v=01;35:*.mp4v=01;35:*.vob=01;35:*.qt=01;35:*.nuv=01;35:*.wmv=01;35:*.asf=01;35:*.rm=01;35:*.rmvb=01;35:*.flc=01;35:*.avi=01;35:*.fli=01;35:*.flv=01;35:*.gl=01;35:*.dl=01;35:*.xcf=01;35:*.xwd=01;35:*.yuv=01;35:*.cgm=01;35:*.emf=01;35:*.ogv=01;35:*.ogx=01;35:*.aac=00;36:*.au=00;36:*.flac=00;36:*.m4a=00;36:*.mid=00;36:*.midi=00;36:*.mka=00;36:*.mp3=00;36:*.mpc=00;36:*.ogg=00;36:*.ra=00;36:*.wav=00;36:*.oga=00;36:*.opus=00;36:*.spx=00;36:*.xspf=00;36:*~=00;90:*#=00;90:*.bak=00;90:*.crdownload=00;90:*.dpkg-dist=00;90:*.dpkg-new=00;90:*.dpkg-old=00;90:*.dpkg-tmp=00;90:*.old=00;90:*.orig=00;90:*.part=00;90:*.rej=00;90:*.rpmnew=00;90:*.rpmorig=00;90:*.rpmsave=00;90:*.swp=00;90:*.tmp=00;90:*.ucf-dist=00;90:*.ucf-new=00;90:*.ucf-old=00;90:', 'VSCODE_GIT_IPC_HANDLE': '/run/user/1000/vscode-git-7ec00a5a3c.sock', 'TERM_PROGRAM': 'vscode', 'hostip': '192.168.31.44', 'AMENT_PREFIX_PATH': '/opt/ros/jazzy', 'CONDA_PYTHON_EXE': '/home/pengyh/softwares/anaconda3/bin/python', 'SHELL': '/bin/bash', 'LESSCLOSE': '/usr/bin/lesspipe %s %s', 'ROS_AUTOMATIC_DISCOVERY_RANGE': 'SUBNET', 'VSCODE_GIT_ASKPASS_EXTRA_ARGS': '', 'PWD': '/home/pengyh/workspace/FreeAskAgent/closed_loop/ros2/build/simulator_messages', 'CONDA_EXE': '/home/pengyh/softwares/anaconda3/bin/conda', 'XDG_DATA_DIRS': '/usr/local/share:/usr/share:/var/lib/snapd/desktop', 'PYTHONPATH': '/opt/ros/jazzy/lib/python3.12/site-packages', 'COLCON': '1', 'WSL2_GUI_APPS_ENABLED': '1', 'HOSTTYPE': 'x86_64', 'CMAKE_PREFIX_PATH': '/opt/ros/jazzy/opt/gz_sim_vendor:/opt/ros/jazzy/opt/gz_sensors_vendor:/opt/ros/jazzy/opt/gz_physics_vendor:/opt/ros/jazzy/opt/sdformat_vendor:/opt/ros/jazzy/opt/gz_gui_vendor:/opt/ros/jazzy/opt/gz_transport_vendor:/opt/ros/jazzy/opt/gz_rendering_vendor:/opt/ros/jazzy/opt/gz_plugin_vendor:/opt/ros/jazzy/opt/gz_fuel_tools_vendor:/opt/ros/jazzy/opt/gz_msgs_vendor:/opt/ros/jazzy/opt/gz_common_vendor:/opt/ros/jazzy/opt/gz_math_vendor:/opt/ros/jazzy/opt/gz_utils_vendor:/opt/ros/jazzy/opt/gz_tools_vendor:/opt/ros/jazzy/opt/gz_ogre_next_vendor:/opt/ros/jazzy/opt/gz_dartsim_vendor:/opt/ros/jazzy/opt/gz_cmake_vendor', 'WSLENV': 'VSCODE_WSL_EXT_LOCATION/up'}), 'shell': False}
[0.103743] (-) TimerEvent: {}
[0.210794] (-) TimerEvent: {}
[0.295785] (simulator_messages) StdoutLine: {'line': b'-- The C compiler identification is GNU 13.3.0\n'}
[0.311944] (-) TimerEvent: {}
[0.412364] (-) TimerEvent: {}
[0.517361] (-) TimerEvent: {}
[0.623317] (-) TimerEvent: {}
[0.724763] (-) TimerEvent: {}
[0.803409] (simulator_messages) StdoutLine: {'line': b'-- The CXX compiler identification is GNU 13.3.0\n'}
[0.826318] (-) TimerEvent: {}
[0.880241] (ros_tcp_endpoint) Command: {'cmd': ['/usr/bin/python3', '-W', 'ignore:setup.py install is deprecated', '-W', 'ignore:easy_install command is deprecated', 'setup.py', 'egg_info', '--egg-base', '../../build/ros_tcp_endpoint', 'build', '--build-base', '/home/pengyh/workspace/FreeAskAgent/closed_loop/ros2/build/ros_tcp_endpoint/build', 'install', '--record', '/home/pengyh/workspace/FreeAskAgent/closed_loop/ros2/build/ros_tcp_endpoint/install.log', '--install-scripts', '$base/lib/ros_tcp_endpoint', '--single-version-externally-managed', 'install_data'], 'cwd': '/home/pengyh/workspace/FreeAskAgent/closed_loop/ros2/src/ROS-TCP-Endpoint', 'env': {'PYTHON_BASIC_REPL': '1', 'LESSOPEN': '| /usr/bin/lesspipe %s', 'no_proxy': 'localhost,127.0.0.1,::1', 'USER': 'pengyh', 'GZ_CONFIG_PATH': '/opt/ros/jazzy/opt/gz_sim_vendor/share/gz:/opt/ros/jazzy/opt/sdformat_vendor/share/gz:/opt/ros/jazzy/opt/gz_gui_vendor/share/gz:/opt/ros/jazzy/opt/gz_transport_vendor/share/gz:/opt/ros/jazzy/opt/gz_rendering_vendor/share/gz:/opt/ros/jazzy/opt/gz_plugin_vendor/share/gz:/opt/ros/jazzy/opt/gz_fuel_tools_vendor/share/gz:/opt/ros/jazzy/opt/gz_msgs_vendor/share/gz:/opt/ros/jazzy/opt/gz_common_vendor/share/gz', 'all_proxy': 'http://192.168.31.44:4780', 'GIT_ASKPASS': '/home/pengyh/.vscode-server/bin/94e8ae2b28cb5cc932b86e1070569c4463565c37/extensions/git/dist/askpass.sh', 'SHLVL': '1', 'LD_LIBRARY_PATH': '/opt/ros/jazzy/opt/gz_sim_vendor/lib:/opt/ros/jazzy/opt/gz_sensors_vendor/lib:/opt/ros/jazzy/opt/gz_physics_vendor/lib:/opt/ros/jazzy/opt/sdformat_vendor/lib:/opt/ros/jazzy/opt/rviz_ogre_vendor/lib:/opt/ros/jazzy/lib/x86_64-linux-gnu:/opt/ros/jazzy/opt/gz_gui_vendor/lib:/opt/ros/jazzy/opt/gz_transport_vendor/lib:/opt/ros/jazzy/opt/gz_rendering_vendor/lib:/opt/ros/jazzy/opt/gz_plugin_vendor/lib:/opt/ros/jazzy/opt/gz_fuel_tools_vendor/lib:/opt/ros/jazzy/opt/gz_msgs_vendor/lib:/opt/ros/jazzy/opt/gz_common_vendor/lib:/opt/ros/jazzy/opt/gz_math_vendor/lib:/opt/ros/jazzy/opt/gz_utils_vendor/lib:/opt/ros/jazzy/opt/gz_tools_vendor/lib:/opt/ros/jazzy/opt/gz_ogre_next_vendor/lib:/opt/ros/jazzy/opt/gz_dartsim_vendor/lib:/opt/ros/jazzy/opt/gz_cmake_vendor/lib:/opt/ros/jazzy/lib', 'HOME': '/home/pengyh', 'CONDA_SHLVL': '0', 'OLDPWD': '/home/pengyh/workspace/FreeAskAgent', 'TERM_PROGRAM_VERSION': '1.108.0', 'VSCODE_IPC_HOOK_CLI': '/run/user/1000/vscode-ipc-6557994e-91c9-4cff-9acb-d90404003dd8.sock', 'ROS_PYTHON_VERSION': '3', 'VSCODE_GIT_ASKPASS_MAIN': '/home/pengyh/.vscode-server/bin/94e8ae2b28cb5cc932b86e1070569c4463565c37/extensions/git/dist/askpass-main.js', 'VSCODE_GIT_ASKPASS_NODE': '/home/pengyh/.vscode-server/bin/94e8ae2b28cb5cc932b86e1070569c4463565c37/node', 'PYDEVD_DISABLE_FILE_VALIDATION': '1', 'BUNDLED_DEBUGPY_PATH': '/home/pengyh/.vscode-server/extensions/ms-python.debugpy-2025.18.0/bundled/libs/debugpy', 'VSCODE_PYTHON_AUTOACTIVATE_GUARD': '1', 'DBUS_SESSION_BUS_ADDRESS': 'unix:path=/run/user/1000/bus', 'COLORTERM': 'truecolor', '_CE_M': '', 'WSL_DISTRO_NAME': 'Ubuntu-24.04', 'DEBUGINFOD_URLS': 'https://debuginfod.ubuntu.com', 'WAYLAND_DISPLAY': 'wayland-0', 'https_proxy': 'http://192.168.31.44:4780', 'ROS_DISTRO': 'jazzy', 'LOGNAME': 'pengyh', 'NAME': 'Doraemon-Desktop', 'WSL_INTEROP': '/run/WSL/546_interop', 'http_proxy': 'http://192.168.31.44:4780', 'PULSE_SERVER': 'unix:/mnt/wslg/PulseServer', '_': '/usr/bin/colcon', 'ROS_VERSION': '2', 'TERM': 'xterm-256color', '_CE_CONDA': '', 'PATH': '/home/pengyh/.vscode-server/data/User/globalStorage/github.copilot-chat/debugCommand:/home/pengyh/.vscode-server/data/User/globalStorage/github.copilot-chat/copilotCli:/home/pengyh/.vscode-server/bin/94e8ae2b28cb5cc932b86e1070569c4463565c37/bin/remote-cli:/opt/ros/jazzy/opt/gz_msgs_vendor/bin:/opt/ros/jazzy/opt/gz_tools_vendor/bin:/opt/ros/jazzy/opt/gz_ogre_next_vendor/bin:/opt/ros/jazzy/bin:/home/pengyh/softwares/anaconda3/condabin:/usr/local/sbin:/usr/local/bin:/usr/sbin:/usr/bin:/sbin:/bin:/usr/games:/usr/local/games:/usr/lib/wsl/lib:/mnt/c/Program Files/NVIDIA GPU Computing Toolkit/CUDA/v12.9/bin:/mnt/c/Program Files/NVIDIA GPU Computing Toolkit/CUDA/v12.9/libnvvp:/mnt/d/Softwares/PlasticSCM/server:/mnt/d/Softwares/PlasticSCM/client:/mnt/c/WINDOWS/system32:/mnt/c/WINDOWS:/mnt/c/WINDOWS/System32/Wbem:/mnt/c/WINDOWS/System32/WindowsPowerShell/v1.0/:/mnt/c/WINDOWS/System32/OpenSSH/:/mnt/c/Program Files/NVIDIA Corporation/NVIDIA App/NvDLISR:/mnt/c/Program Files (x86)/NVIDIA Corporation/PhysX/Common:/mnt/c/Program Files/dotnet/:/mnt/d/Softwares/Git/Git/cmd:/mnt/c/Program Files/NVIDIA Corporation/Nsight Compute 2022.1.0/:/mnt/c/Program Files/Docker/Docker/resources/bin:/mnt/c/Program Files (x86)/Windows Kits/10/Windows Performance Toolkit/:/mnt/c/Users/彭宇航/AppData/Local/Microsoft/WindowsApps:/mnt/d/Softwares/VSCode/Microsoft VS Code/bin:/mnt/d/Tools/Anaconda:/mnt/d/Tools/Anaconda/Scripts:/mnt/d/Tools/Anaconda/Library/bin:/mnt/c/Users/彭宇航/.dotnet/tools:/snap/bin:/home/pengyh/.vscode-server/extensions/ms-python.debugpy-2025.18.0/bundled/scripts/noConfigScripts', 'XDG_RUNTIME_DIR': '/run/user/1000/', 'DISPLAY': ':0', 'VSCODE_DEBUGPY_ADAPTER_ENDPOINTS': '/home/pengyh/.vscode-server/extensions/ms-python.debugpy-2025.18.0/.noConfigDebugAdapterEndpoints/endpoint-8b119c96603a3506.txt', 'LANG': 'C.UTF-8', 'PYTHONSTARTUP': '/home/pengyh/.vscode-server/data/User/workspaceStorage/5974480726cefb12346fe730c9286c7b/ms-python.python/pythonrc.py', 'LS_COLORS': 'rs=0:di=01;34:ln=01;36:mh=00:pi=40;33:so=01;35:do=01;35:bd=40;33;01:cd=40;33;01:or=40;31;01:mi=00:su=37;41:sg=30;43:ca=00:tw=30;42:ow=34;42:st=37;44:ex=01;32:*.tar=01;31:*.tgz=01;31:*.arc=01;31:*.arj=01;31:*.taz=01;31:*.lha=01;31:*.lz4=01;31:*.lzh=01;31:*.lzma=01;31:*.tlz=01;31:*.txz=01;31:*.tzo=01;31:*.t7z=01;31:*.zip=01;31:*.z=01;31:*.dz=01;31:*.gz=01;31:*.lrz=01;31:*.lz=01;31:*.lzo=01;31:*.xz=01;31:*.zst=01;31:*.tzst=01;31:*.bz2=01;31:*.bz=01;31:*.tbz=01;31:*.tbz2=01;31:*.tz=01;31:*.deb=01;31:*.rpm=01;31:*.jar=01;31:*.war=01;31:*.ear=01;31:*.sar=01;31:*.rar=01;31:*.alz=01;31:*.ace=01;31:*.zoo=01;31:*.cpio=01;31:*.7z=01;31:*.rz=01;31:*.cab=01;31:*.wim=01;31:*.swm=01;31:*.dwm=01;31:*.esd=01;31:*.avif=01;35:*.jpg=01;35:*.jpeg=01;35:*.mjpg=01;35:*.mjpeg=01;35:*.gif=01;35:*.bmp=01;35:*.pbm=01;35:*.pgm=01;35:*.ppm=01;35:*.tga=01;35:*.xbm=01;35:*.xpm=01;35:*.tif=01;35:*.tiff=01;35:*.png=01;35:*.svg=01;35:*.svgz=01;35:*.mng=01;35:*.pcx=01;35:*.mov=01;35:*.mpg=01;35:*.mpeg=01;35:*.m2v=01;35:*.mkv=01;35:*.webm=01;35:*.webp=01;35:*.ogm=01;35:*.mp4=01;35:*.m4v=01;35:*.mp4v=01;35:*.vob=01;35:*.qt=01;35:*.nuv=01;35:*.wmv=01;35:*.asf=01;35:*.rm=01;35:*.rmvb=01;35:*.flc=01;35:*.avi=01;35:*.fli=01;35:*.flv=01;35:*.gl=01;35:*.dl=01;35:*.xcf=01;35:*.xwd=01;35:*.yuv=01;35:*.cgm=01;35:*.emf=01;35:*.ogv=01;35:*.ogx=01;35:*.aac=00;36:*.au=00;36:*.flac=00;36:*.m4a=00;36:*.mid=00;36:*.midi=00;36:*.mka=00;36:*.mp3=00;36:*.mpc=00;36:*.ogg=00;36:*.ra=00;36:*.wav=00;36:*.oga=00;36:*.opus=00;36:*.spx=00;36:*.xspf=00;36:*~=00;90:*#=00;90:*.bak=00;90:*.crdownload=00;90:*.dpkg-dist=00;90:*.dpkg-new=00;90:*.dpkg-old=00;90:*.dpkg-tmp=00;90:*.old=00;90:*.orig=00;90:*.part=00;90:*.rej=00;90:*.rpmnew=00;90:*.rpmorig=00;90:*.rpmsave=00;90:*.swp=00;90:*.tmp=00;90:*.ucf-dist=00;90:*.ucf-new=00;90:*.ucf-old=00;90:', 'VSCODE_GIT_IPC_HANDLE': '/run/user/1000/vscode-git-7ec00a5a3c.sock', 'TERM_PROGRAM': 'vscode', 'hostip': '192.168.31.44', 'AMENT_PREFIX_PATH': '/opt/ros/jazzy', 'CONDA_PYTHON_EXE': '/home/pengyh/softwares/anaconda3/bin/python', 'SHELL': '/bin/bash', 'LESSCLOSE': '/usr/bin/lesspipe %s %s', 'ROS_AUTOMATIC_DISCOVERY_RANGE': 'SUBNET', 'VSCODE_GIT_ASKPASS_EXTRA_ARGS': '', 'PWD': '/home/pengyh/workspace/FreeAskAgent/closed_loop/ros2/build/ros_tcp_endpoint', 'CONDA_EXE': '/home/pengyh/softwares/anaconda3/bin/conda', 'XDG_DATA_DIRS': '/usr/local/share:/usr/share:/var/lib/snapd/desktop', 'PYTHONPATH': '/home/pengyh/workspace/FreeAskAgent/closed_loop/ros2/build/ros_tcp_endpoint/prefix_override:/usr/lib/python3/dist-packages/colcon_core/task/python/colcon_distutils_commands:/home/pengyh/workspace/FreeAskAgent/closed_loop/ros2/install/ros_tcp_endpoint/lib/python3.12/site-packages:/opt/ros/jazzy/lib/python3.12/site-packages', 'COLCON': '1', 'WSL2_GUI_APPS_ENABLED': '1', 'HOSTTYPE': 'x86_64', 'CMAKE_PREFIX_PATH': '/opt/ros/jazzy/opt/gz_sim_vendor:/opt/ros/jazzy/opt/gz_sensors_vendor:/opt/ros/jazzy/opt/gz_physics_vendor:/opt/ros/jazzy/opt/sdformat_vendor:/opt/ros/jazzy/opt/gz_gui_vendor:/opt/ros/jazzy/opt/gz_transport_vendor:/opt/ros/jazzy/opt/gz_rendering_vendor:/opt/ros/jazzy/opt/gz_plugin_vendor:/opt/ros/jazzy/opt/gz_fuel_tools_vendor:/opt/ros/jazzy/opt/gz_msgs_vendor:/opt/ros/jazzy/opt/gz_common_vendor:/opt/ros/jazzy/opt/gz_math_vendor:/opt/ros/jazzy/opt/gz_utils_vendor:/opt/ros/jazzy/opt/gz_tools_vendor:/opt/ros/jazzy/opt/gz_ogre_next_vendor:/opt/ros/jazzy/opt/gz_dartsim_vendor:/opt/ros/jazzy/opt/gz_cmake_vendor', 'WSLENV': 'VSCODE_WSL_EXT_LOCATION/up'}, 'shell': False}
[0.927979] (-) TimerEvent: {}
[0.972145] (ros_tcp_endpoint) StderrLine: {'line': b'/usr/lib/python3/dist-packages/setuptools/dist.py:744: SetuptoolsDeprecationWarning: Invalid dash-separated options\n'}
[0.972378] (ros_tcp_endpoint) StderrLine: {'line': b'!!\n'}
[0.972458] (ros_tcp_endpoint) StderrLine: {'line': b'\n'}
[0.972489] (ros_tcp_endpoint) StderrLine: {'line': b'        ********************************************************************************\n'}
[0.972517] (ros_tcp_endpoint) StderrLine: {'line': b"        Usage of dash-separated 'script-dir' will not be supported in future\n"}
[0.972541] (ros_tcp_endpoint) StderrLine: {'line': b"        versions. Please use the underscore name 'script_dir' instead.\n"}
[0.972564] (ros_tcp_endpoint) StderrLine: {'line': b'\n'}
[0.972588] (ros_tcp_endpoint) StderrLine: {'line': b'        This deprecation is overdue, please update your project and remove deprecated\n'}
[0.972685] (ros_tcp_endpoint) StderrLine: {'line': b'        calls to avoid build errors in the future.\n'}
[0.972713] (ros_tcp_endpoint) StderrLine: {'line': b'\n'}
[0.972738] (ros_tcp_endpoint) StderrLine: {'line': b'        See https://setuptools.pypa.io/en/latest/userguide/declarative_config.html for details.\n'}
[0.972762] (ros_tcp_endpoint) StderrLine: {'line': b'        ********************************************************************************\n'}
[0.972785] (ros_tcp_endpoint) StderrLine: {'line': b'\n'}
[0.972834] (ros_tcp_endpoint) StderrLine: {'line': b'!!\n'}
[0.972859] (ros_tcp_endpoint) StderrLine: {'line': b'  opt = self.warn_dash_deprecation(opt, section)\n'}
[1.028478] (-) TimerEvent: {}
[1.056588] (ros_tcp_endpoint) StdoutLine: {'line': b'running egg_info\n'}
[1.056964] (ros_tcp_endpoint) StdoutLine: {'line': b'creating ../../build/ros_tcp_endpoint/ros_tcp_endpoint.egg-info\n'}
[1.069950] (ros_tcp_endpoint) StdoutLine: {'line': b'writing ../../build/ros_tcp_endpoint/ros_tcp_endpoint.egg-info/PKG-INFO\n'}
[1.070187] (ros_tcp_endpoint) StdoutLine: {'line': b'writing dependency_links to ../../build/ros_tcp_endpoint/ros_tcp_endpoint.egg-info/dependency_links.txt\n'}
[1.070318] (ros_tcp_endpoint) StdoutLine: {'line': b'writing entry points to ../../build/ros_tcp_endpoint/ros_tcp_endpoint.egg-info/entry_points.txt\n'}
[1.070469] (ros_tcp_endpoint) StdoutLine: {'line': b'writing requirements to ../../build/ros_tcp_endpoint/ros_tcp_endpoint.egg-info/requires.txt\n'}
[1.070524] (ros_tcp_endpoint) StdoutLine: {'line': b'writing top-level names to ../../build/ros_tcp_endpoint/ros_tcp_endpoint.egg-info/top_level.txt\n'}
[1.070553] (ros_tcp_endpoint) StdoutLine: {'line': b"writing manifest file '../../build/ros_tcp_endpoint/ros_tcp_endpoint.egg-info/SOURCES.txt'\n"}
[1.095035] (ros_tcp_endpoint) StdoutLine: {'line': b"reading manifest file '../../build/ros_tcp_endpoint/ros_tcp_endpoint.egg-info/SOURCES.txt'\n"}
[1.095340] (ros_tcp_endpoint) StdoutLine: {'line': b"adding license file 'LICENSE'\n"}
[1.095562] (ros_tcp_endpoint) StdoutLine: {'line': b"writing manifest file '../../build/ros_tcp_endpoint/ros_tcp_endpoint.egg-info/SOURCES.txt'\n"}
[1.095802] (ros_tcp_endpoint) StdoutLine: {'line': b'running build\n'}
[1.096019] (ros_tcp_endpoint) StdoutLine: {'line': b'running build_py\n'}
[1.096152] (ros_tcp_endpoint) StdoutLine: {'line': b'creating /home/pengyh/workspace/FreeAskAgent/closed_loop/ros2/build/ros_tcp_endpoint/build\n'}
[1.096696] (ros_tcp_endpoint) StdoutLine: {'line': b'creating /home/pengyh/workspace/FreeAskAgent/closed_loop/ros2/build/ros_tcp_endpoint/build/lib\n'}
[1.096905] (ros_tcp_endpoint) StdoutLine: {'line': b'creating /home/pengyh/workspace/FreeAskAgent/closed_loop/ros2/build/ros_tcp_endpoint/build/lib/ros_tcp_endpoint\n'}
[1.097093] (ros_tcp_endpoint) StdoutLine: {'line': b'copying ros_tcp_endpoint/exceptions.py -> /home/pengyh/workspace/FreeAskAgent/closed_loop/ros2/build/ros_tcp_endpoint/build/lib/ros_tcp_endpoint\n'}
[1.097579] (ros_tcp_endpoint) StdoutLine: {'line': b'copying ros_tcp_endpoint/unity_service.py -> /home/pengyh/workspace/FreeAskAgent/closed_loop/ros2/build/ros_tcp_endpoint/build/lib/ros_tcp_endpoint\n'}
[1.098077] (ros_tcp_endpoint) StdoutLine: {'line': b'copying ros_tcp_endpoint/tcp_sender.py -> /home/pengyh/workspace/FreeAskAgent/closed_loop/ros2/build/ros_tcp_endpoint/build/lib/ros_tcp_endpoint\n'}
[1.098724] (ros_tcp_endpoint) StdoutLine: {'line': b'copying ros_tcp_endpoint/thread_pauser.py -> /home/pengyh/workspace/FreeAskAgent/closed_loop/ros2/build/ros_tcp_endpoint/build/lib/ros_tcp_endpoint\n'}
[1.099100] (ros_tcp_endpoint) StdoutLine: {'line': b'copying ros_tcp_endpoint/service.py -> /home/pengyh/workspace/FreeAskAgent/closed_loop/ros2/build/ros_tcp_endpoint/build/lib/ros_tcp_endpoint\n'}
[1.099428] (ros_tcp_endpoint) StdoutLine: {'line': b'copying ros_tcp_endpoint/publisher.py -> /home/pengyh/workspace/FreeAskAgent/closed_loop/ros2/build/ros_tcp_endpoint/build/lib/ros_tcp_endpoint\n'}
[1.099869] (ros_tcp_endpoint) StdoutLine: {'line': b'copying ros_tcp_endpoint/__init__.py -> /home/pengyh/workspace/FreeAskAgent/closed_loop/ros2/build/ros_tcp_endpoint/build/lib/ros_tcp_endpoint\n'}
[1.100630] (ros_tcp_endpoint) StdoutLine: {'line': b'copying ros_tcp_endpoint/communication.py -> /home/pengyh/workspace/FreeAskAgent/closed_loop/ros2/build/ros_tcp_endpoint/build/lib/ros_tcp_endpoint\n'}
[1.100888] (ros_tcp_endpoint) StdoutLine: {'line': b'copying ros_tcp_endpoint/server.py -> /home/pengyh/workspace/FreeAskAgent/closed_loop/ros2/build/ros_tcp_endpoint/build/lib/ros_tcp_endpoint\n'}
[1.101194] (ros_tcp_endpoint) StdoutLine: {'line': b'copying ros_tcp_endpoint/client.py -> /home/pengyh/workspace/FreeAskAgent/closed_loop/ros2/build/ros_tcp_endpoint/build/lib/ros_tcp_endpoint\n'}
[1.101594] (ros_tcp_endpoint) StdoutLine: {'line': b'copying ros_tcp_endpoint/subscriber.py -> /home/pengyh/workspace/FreeAskAgent/closed_loop/ros2/build/ros_tcp_endpoint/build/lib/ros_tcp_endpoint\n'}
[1.101855] (ros_tcp_endpoint) StdoutLine: {'line': b'copying ros_tcp_endpoint/default_server_endpoint.py -> /home/pengyh/workspace/FreeAskAgent/closed_loop/ros2/build/ros_tcp_endpoint/build/lib/ros_tcp_endpoint\n'}
[1.102312] (ros_tcp_endpoint) StdoutLine: {'line': b'running install\n'}
[1.106894] (ros_tcp_endpoint) StdoutLine: {'line': b'running install_lib\n'}
[1.118163] (ros_tcp_endpoint) StdoutLine: {'line': b'creating /home/pengyh/workspace/FreeAskAgent/closed_loop/ros2/install/ros_tcp_endpoint/lib/python3.12/site-packages/ros_tcp_endpoint\n'}
[1.118395] (ros_tcp_endpoint) StdoutLine: {'line': b'copying /home/pengyh/workspace/FreeAskAgent/closed_loop/ros2/build/ros_tcp_endpoint/build/lib/ros_tcp_endpoint/exceptions.py -> /home/pengyh/workspace/FreeAskAgent/closed_loop/ros2/install/ros_tcp_endpoint/lib/python3.12/site-packages/ros_tcp_endpoint\n'}
[1.118543] (ros_tcp_endpoint) StdoutLine: {'line': b'copying /home/pengyh/workspace/FreeAskAgent/closed_loop/ros2/build/ros_tcp_endpoint/build/lib/ros_tcp_endpoint/unity_service.py -> /home/pengyh/workspace/FreeAskAgent/closed_loop/ros2/install/ros_tcp_endpoint/lib/python3.12/site-packages/ros_tcp_endpoint\n'}
[1.118675] (ros_tcp_endpoint) StdoutLine: {'line': b'copying /home/pengyh/workspace/FreeAskAgent/closed_loop/ros2/build/ros_tcp_endpoint/build/lib/ros_tcp_endpoint/tcp_sender.py -> /home/pengyh/workspace/FreeAskAgent/closed_loop/ros2/install/ros_tcp_endpoint/lib/python3.12/site-packages/ros_tcp_endpoint\n'}
[1.118726] (ros_tcp_endpoint) StdoutLine: {'line': b'copying /home/pengyh/workspace/FreeAskAgent/closed_loop/ros2/build/ros_tcp_endpoint/build/lib/ros_tcp_endpoint/thread_pauser.py -> /home/pengyh/workspace/FreeAskAgent/closed_loop/ros2/install/ros_tcp_endpoint/lib/python3.12/site-packages/ros_tcp_endpoint\n'}
[1.118832] (ros_tcp_endpoint) StdoutLine: {'line': b'copying /home/pengyh/workspace/FreeAskAgent/closed_loop/ros2/build/ros_tcp_endpoint/build/lib/ros_tcp_endpoint/service.py -> /home/pengyh/workspace/FreeAskAgent/closed_loop/ros2/install/ros_tcp_endpoint/lib/python3.12/site-packages/ros_tcp_endpoint\n'}
[1.119417] (ros_tcp_endpoint) StdoutLine: {'line': b'copying /home/pengyh/workspace/FreeAskAgent/closed_loop/ros2/build/ros_tcp_endpoint/build/lib/ros_tcp_endpoint/publisher.py -> /home/pengyh/workspace/FreeAskAgent/closed_loop/ros2/install/ros_tcp_endpoint/lib/python3.12/site-packages/ros_tcp_endpoint\n'}
[1.119548] (ros_tcp_endpoint) StdoutLine: {'line': b'copying /home/pengyh/workspace/FreeAskAgent/closed_loop/ros2/build/ros_tcp_endpoint/build/lib/ros_tcp_endpoint/__init__.py -> /home/pengyh/workspace/FreeAskAgent/closed_loop/ros2/install/ros_tcp_endpoint/lib/python3.12/site-packages/ros_tcp_endpoint\n'}
[1.119660] (ros_tcp_endpoint) StdoutLine: {'line': b'copying /home/pengyh/workspace/FreeAskAgent/closed_loop/ros2/build/ros_tcp_endpoint/build/lib/ros_tcp_endpoint/communication.py -> /home/pengyh/workspace/FreeAskAgent/closed_loop/ros2/install/ros_tcp_endpoint/lib/python3.12/site-packages/ros_tcp_endpoint\n'}
[1.119792] (ros_tcp_endpoint) StdoutLine: {'line': b'copying /home/pengyh/workspace/FreeAskAgent/closed_loop/ros2/build/ros_tcp_endpoint/build/lib/ros_tcp_endpoint/server.py -> /home/pengyh/workspace/FreeAskAgent/closed_loop/ros2/install/ros_tcp_endpoint/lib/python3.12/site-packages/ros_tcp_endpoint\n'}
[1.119950] (ros_tcp_endpoint) StdoutLine: {'line': b'copying /home/pengyh/workspace/FreeAskAgent/closed_loop/ros2/build/ros_tcp_endpoint/build/lib/ros_tcp_endpoint/client.py -> /home/pengyh/workspace/FreeAskAgent/closed_loop/ros2/install/ros_tcp_endpoint/lib/python3.12/site-packages/ros_tcp_endpoint\n'}
[1.120036] (ros_tcp_endpoint) StdoutLine: {'line': b'copying /home/pengyh/workspace/FreeAskAgent/closed_loop/ros2/build/ros_tcp_endpoint/build/lib/ros_tcp_endpoint/subscriber.py -> /home/pengyh/workspace/FreeAskAgent/closed_loop/ros2/install/ros_tcp_endpoint/lib/python3.12/site-packages/ros_tcp_endpoint\n'}
[1.120068] (ros_tcp_endpoint) StdoutLine: {'line': b'copying /home/pengyh/workspace/FreeAskAgent/closed_loop/ros2/build/ros_tcp_endpoint/build/lib/ros_tcp_endpoint/default_server_endpoint.py -> /home/pengyh/workspace/FreeAskAgent/closed_loop/ros2/install/ros_tcp_endpoint/lib/python3.12/site-packages/ros_tcp_endpoint\n'}
[1.120411] (ros_tcp_endpoint) StdoutLine: {'line': b'byte-compiling /home/pengyh/workspace/FreeAskAgent/closed_loop/ros2/install/ros_tcp_endpoint/lib/python3.12/site-packages/ros_tcp_endpoint/exceptions.py to exceptions.cpython-312.pyc\n'}
[1.121020] (ros_tcp_endpoint) StdoutLine: {'line': b'byte-compiling /home/pengyh/workspace/FreeAskAgent/closed_loop/ros2/install/ros_tcp_endpoint/lib/python3.12/site-packages/ros_tcp_endpoint/unity_service.py to unity_service.cpython-312.pyc\n'}
[1.121560] (ros_tcp_endpoint) StdoutLine: {'line': b'byte-compiling /home/pengyh/workspace/FreeAskAgent/closed_loop/ros2/install/ros_tcp_endpoint/lib/python3.12/site-packages/ros_tcp_endpoint/tcp_sender.py to tcp_sender.cpython-312.pyc\n'}
[1.123604] (ros_tcp_endpoint) StdoutLine: {'line': b'byte-compiling /home/pengyh/workspace/FreeAskAgent/closed_loop/ros2/install/ros_tcp_endpoint/lib/python3.12/site-packages/ros_tcp_endpoint/thread_pauser.py to thread_pauser.cpython-312.pyc\n'}
[1.123812] (ros_tcp_endpoint) StdoutLine: {'line': b'byte-compiling /home/pengyh/workspace/FreeAskAgent/closed_loop/ros2/install/ros_tcp_endpoint/lib/python3.12/site-packages/ros_tcp_endpoint/service.py to service.cpython-312.pyc\n'}
[1.124206] (ros_tcp_endpoint) StdoutLine: {'line': b'byte-compiling /home/pengyh/workspace/FreeAskAgent/closed_loop/ros2/install/ros_tcp_endpoint/lib/python3.12/site-packages/ros_tcp_endpoint/publisher.py to publisher.cpython-312.pyc\n'}
[1.124427] (ros_tcp_endpoint) StdoutLine: {'line': b'byte-compiling /home/pengyh/workspace/FreeAskAgent/closed_loop/ros2/install/ros_tcp_endpoint/lib/python3.12/site-packages/ros_tcp_endpoint/__init__.py to __init__.cpython-312.pyc\n'}
[1.124511] (ros_tcp_endpoint) StdoutLine: {'line': b'byte-compiling /home/pengyh/workspace/FreeAskAgent/closed_loop/ros2/install/ros_tcp_endpoint/lib/python3.12/site-packages/ros_tcp_endpoint/communication.py to communication.cpython-312.pyc\n'}
[1.124764] (ros_tcp_endpoint) StdoutLine: {'line': b'byte-compiling /home/pengyh/workspace/FreeAskAgent/closed_loop/ros2/install/ros_tcp_endpoint/lib/python3.12/site-packages/ros_tcp_endpoint/server.py to server.cpython-312.pyc\n'}
[1.126909] (ros_tcp_endpoint) StdoutLine: {'line': b'byte-compiling /home/pengyh/workspace/FreeAskAgent/closed_loop/ros2/install/ros_tcp_endpoint/lib/python3.12/site-packages/ros_tcp_endpoint/client.py to client.cpython-312.pyc\n'}
[1.128705] (-) TimerEvent: {}
[1.129265] (ros_tcp_endpoint) StdoutLine: {'line': b'byte-compiling /home/pengyh/workspace/FreeAskAgent/closed_loop/ros2/install/ros_tcp_endpoint/lib/python3.12/site-packages/ros_tcp_endpoint/subscriber.py to subscriber.cpython-312.pyc\n'}
[1.129620] (ros_tcp_endpoint) StdoutLine: {'line': b'byte-compiling /home/pengyh/workspace/FreeAskAgent/closed_loop/ros2/install/ros_tcp_endpoint/lib/python3.12/site-packages/ros_tcp_endpoint/default_server_endpoint.py to default_server_endpoint.cpython-312.pyc\n'}
[1.129847] (ros_tcp_endpoint) StdoutLine: {'line': b'running install_data\n'}
[1.130200] (ros_tcp_endpoint) StdoutLine: {'line': b'creating /home/pengyh/workspace/FreeAskAgent/closed_loop/ros2/install/ros_tcp_endpoint/share/ament_index\n'}
[1.130482] (ros_tcp_endpoint) StdoutLine: {'line': b'creating /home/pengyh/workspace/FreeAskAgent/closed_loop/ros2/install/ros_tcp_endpoint/share/ament_index/resource_index\n'}
[1.130949] (ros_tcp_endpoint) StdoutLine: {'line': b'creating /home/pengyh/workspace/FreeAskAgent/closed_loop/ros2/install/ros_tcp_endpoint/share/ament_index/resource_index/packages\n'}
[1.131114] (ros_tcp_endpoint) StdoutLine: {'line': b'copying resource/ros_tcp_endpoint -> /home/pengyh/workspace/FreeAskAgent/closed_loop/ros2/install/ros_tcp_endpoint/share/ament_index/resource_index/packages\n'}
[1.131239] (ros_tcp_endpoint) StdoutLine: {'line': b'copying package.xml -> /home/pengyh/workspace/FreeAskAgent/closed_loop/ros2/install/ros_tcp_endpoint/share/ros_tcp_endpoint\n'}
[1.131560] (ros_tcp_endpoint) StdoutLine: {'line': b'creating /home/pengyh/workspace/FreeAskAgent/closed_loop/ros2/install/ros_tcp_endpoint/share/ros_tcp_endpoint/launch\n'}
[1.131717] (ros_tcp_endpoint) StdoutLine: {'line': b'copying launch/endpoint.py -> /home/pengyh/workspace/FreeAskAgent/closed_loop/ros2/install/ros_tcp_endpoint/share/ros_tcp_endpoint/launch\n'}
[1.132084] (ros_tcp_endpoint) StdoutLine: {'line': b'running install_egg_info\n'}
[1.142245] (ros_tcp_endpoint) StdoutLine: {'line': b'Copying ../../build/ros_tcp_endpoint/ros_tcp_endpoint.egg-info to /home/pengyh/workspace/FreeAskAgent/closed_loop/ros2/install/ros_tcp_endpoint/lib/python3.12/site-packages/ros_tcp_endpoint-0.0.1-py3.12.egg-info\n'}
[1.143514] (ros_tcp_endpoint) StdoutLine: {'line': b'running install_scripts\n'}
[1.229237] (-) TimerEvent: {}
[1.234602] (ros_tcp_endpoint) StdoutLine: {'line': b'Installing default_server_endpoint script to /home/pengyh/workspace/FreeAskAgent/closed_loop/ros2/install/ros_tcp_endpoint/lib/ros_tcp_endpoint\n'}
[1.235246] (ros_tcp_endpoint) StdoutLine: {'line': b"writing list of installed files to '/home/pengyh/workspace/FreeAskAgent/closed_loop/ros2/build/ros_tcp_endpoint/install.log'\n"}
[1.237925] (simulator_messages) StdoutLine: {'line': b'-- Detecting C compiler ABI info\n'}
[1.267373] (ros_tcp_endpoint) CommandEnded: {'returncode': 0}
[1.280435] (ros_tcp_endpoint) JobEnded: {'identifier': 'ros_tcp_endpoint', 'rc': 0}
[1.331716] (-) TimerEvent: {}
[1.432117] (-) TimerEvent: {}
[1.444672] (simulator_messages) StdoutLine: {'line': b'-- Detecting C compiler ABI info - done\n'}
[1.451014] (simulator_messages) StdoutLine: {'line': b'-- Check for working C compiler: /usr/bin/cc - skipped\n'}
[1.451532] (simulator_messages) StdoutLine: {'line': b'-- Detecting C compile features\n'}
[1.452108] (simulator_messages) StdoutLine: {'line': b'-- Detecting C compile features - done\n'}
[1.520107] (simulator_messages) StdoutLine: {'line': b'-- Detecting CXX compiler ABI info\n'}
[1.532731] (-) TimerEvent: {}
[1.633279] (-) TimerEvent: {}
[1.733822] (-) TimerEvent: {}
[1.735858] (simulator_messages) StdoutLine: {'line': b'-- Detecting CXX compiler ABI info - done\n'}
[1.741774] (simulator_messages) StdoutLine: {'line': b'-- Check for working CXX compiler: /usr/bin/c++ - skipped\n'}
[1.742025] (simulator_messages) StdoutLine: {'line': b'-- Detecting CXX compile features\n'}
[1.742336] (simulator_messages) StdoutLine: {'line': b'-- Detecting CXX compile features - done\n'}
[1.777443] (simulator_messages) StdoutLine: {'line': b'-- Found ament_cmake: 2.5.4 (/opt/ros/jazzy/share/ament_cmake/cmake)\n'}
[1.834490] (-) TimerEvent: {}
[1.903183] (simulator_messages) StdoutLine: {'line': b'-- Found Python3: /usr/bin/python3 (found version "3.12.3") found components: Interpreter \n'}
[1.935080] (-) TimerEvent: {}
[2.034803] (simulator_messages) StdoutLine: {'line': b'-- Found rosidl_default_generators: 1.6.0 (/opt/ros/jazzy/share/rosidl_default_generators/cmake)\n'}
[2.035159] (-) TimerEvent: {}
[2.043992] (simulator_messages) StdoutLine: {'line': b'-- Using all available rosidl_typesupport_c: rosidl_typesupport_fastrtps_c;rosidl_typesupport_introspection_c\n'}
[2.141451] (-) TimerEvent: {}
[2.241475] (simulator_messages) StdoutLine: {'line': b'-- Using all available rosidl_typesupport_cpp: rosidl_typesupport_fastrtps_cpp;rosidl_typesupport_introspection_cpp\n'}
[2.241660] (-) TimerEvent: {}
[2.314311] (simulator_messages) StdoutLine: {'line': b'-- Found rosidl_adapter: 4.6.6 (/opt/ros/jazzy/share/rosidl_adapter/cmake)\n'}
[2.319975] (simulator_messages) StdoutLine: {'line': b'-- Found std_msgs: 5.3.6 (/opt/ros/jazzy/share/std_msgs/cmake)\n'}
[2.343304] (-) TimerEvent: {}
[2.445155] (-) TimerEvent: {}
[2.546144] (-) TimerEvent: {}
[2.653198] (-) TimerEvent: {}
[2.753673] (-) TimerEvent: {}
[2.815960] (simulator_messages) StdoutLine: {'line': b'-- Found ament_cmake_ros: 0.12.0 (/opt/ros/jazzy/share/ament_cmake_ros/cmake)\n'}
[2.854324] (-) TimerEvent: {}
[2.956720] (-) TimerEvent: {}
[3.063337] (-) TimerEvent: {}
[3.138349] (simulator_messages) StdoutLine: {'line': b'-- Using all available rosidl_typesupport_c: rosidl_typesupport_fastrtps_c;rosidl_typesupport_introspection_c\n'}
[3.163775] (-) TimerEvent: {}
[3.264405] (-) TimerEvent: {}
[3.364798] (-) TimerEvent: {}
[3.465269] (-) TimerEvent: {}
[3.566114] (-) TimerEvent: {}
[3.566413] (simulator_messages) StdoutLine: {'line': b'-- Using all available rosidl_typesupport_cpp: rosidl_typesupport_fastrtps_cpp;rosidl_typesupport_introspection_cpp\n'}
[3.578454] (simulator_messages) StdoutLine: {'line': b'-- Found python_cmake_module: 0.11.1 (/opt/ros/jazzy/share/python_cmake_module/cmake)\n'}
[3.666738] (-) TimerEvent: {}
[3.683146] (simulator_messages) StdoutLine: {'line': b'-- Found PythonExtra: /usr/bin/python3  \n'}
[3.772486] (-) TimerEvent: {}
[3.879534] (-) TimerEvent: {}
[3.986603] (-) TimerEvent: {}
[4.085659] (simulator_messages) StdoutLine: {'line': b'-- Found Python3: /usr/bin/python3 (found version "3.12.3") found components: Interpreter Development NumPy Development.Module Development.Embed \n'}
[4.086770] (-) TimerEvent: {}
[4.130367] (simulator_messages) StdoutLine: {'line': b'-- Configuring done (4.1s)\n'}
[4.173747] (simulator_messages) StdoutLine: {'line': b'-- Generating done (0.0s)\n'}
[4.176225] (simulator_messages) StderrLine: {'line': b'\x1b[33mCMake Warning:\n'}
[4.176358] (simulator_messages) StderrLine: {'line': b'  Manually-specified variables were not used by the project:\n'}
[4.176395] (simulator_messages) StderrLine: {'line': b'\n'}
[4.176426] (simulator_messages) StderrLine: {'line': b'    CATKIN_INSTALL_INTO_PREFIX_ROOT\n'}
[4.176453] (simulator_messages) StderrLine: {'line': b'\n'}
[4.176479] (simulator_messages) StderrLine: {'line': b'\x1b[0m\n'}
[4.184405] (simulator_messages) StdoutLine: {'line': b'-- Build files have been written to: /home/pengyh/workspace/FreeAskAgent/closed_loop/ros2/build/simulator_messages\n'}
[4.187069] (-) TimerEvent: {}
[4.191927] (simulator_messages) CommandEnded: {'returncode': 0}
[4.192451] (simulator_messages) JobProgress: {'identifier': 'simulator_messages', 'progress': 'build'}
[4.193227] (simulator_messages) Command: {'cmd': ['/usr/bin/cmake', '--build', '/home/pengyh/workspace/FreeAskAgent/closed_loop/ros2/build/simulator_messages', '--', '-j20', '-l20'], 'cwd': '/home/pengyh/workspace/FreeAskAgent/closed_loop/ros2/build/simulator_messages', 'env': OrderedDict({'PYTHON_BASIC_REPL': '1', 'LESSOPEN': '| /usr/bin/lesspipe %s', 'no_proxy': 'localhost,127.0.0.1,::1', 'USER': 'pengyh', 'GZ_CONFIG_PATH': '/opt/ros/jazzy/opt/gz_sim_vendor/share/gz:/opt/ros/jazzy/opt/sdformat_vendor/share/gz:/opt/ros/jazzy/opt/gz_gui_vendor/share/gz:/opt/ros/jazzy/opt/gz_transport_vendor/share/gz:/opt/ros/jazzy/opt/gz_rendering_vendor/share/gz:/opt/ros/jazzy/opt/gz_plugin_vendor/share/gz:/opt/ros/jazzy/opt/gz_fuel_tools_vendor/share/gz:/opt/ros/jazzy/opt/gz_msgs_vendor/share/gz:/opt/ros/jazzy/opt/gz_common_vendor/share/gz', 'all_proxy': 'http://192.168.31.44:4780', 'GIT_ASKPASS': '/home/pengyh/.vscode-server/bin/94e8ae2b28cb5cc932b86e1070569c4463565c37/extensions/git/dist/askpass.sh', 'SHLVL': '1', 'LD_LIBRARY_PATH': '/opt/ros/jazzy/opt/gz_sim_vendor/lib:/opt/ros/jazzy/opt/gz_sensors_vendor/lib:/opt/ros/jazzy/opt/gz_physics_vendor/lib:/opt/ros/jazzy/opt/sdformat_vendor/lib:/opt/ros/jazzy/opt/rviz_ogre_vendor/lib:/opt/ros/jazzy/lib/x86_64-linux-gnu:/opt/ros/jazzy/opt/gz_gui_vendor/lib:/opt/ros/jazzy/opt/gz_transport_vendor/lib:/opt/ros/jazzy/opt/gz_rendering_vendor/lib:/opt/ros/jazzy/opt/gz_plugin_vendor/lib:/opt/ros/jazzy/opt/gz_fuel_tools_vendor/lib:/opt/ros/jazzy/opt/gz_msgs_vendor/lib:/opt/ros/jazzy/opt/gz_common_vendor/lib:/opt/ros/jazzy/opt/gz_math_vendor/lib:/opt/ros/jazzy/opt/gz_utils_vendor/lib:/opt/ros/jazzy/opt/gz_tools_vendor/lib:/opt/ros/jazzy/opt/gz_ogre_next_vendor/lib:/opt/ros/jazzy/opt/gz_dartsim_vendor/lib:/opt/ros/jazzy/opt/gz_cmake_vendor/lib:/opt/ros/jazzy/lib', 'HOME': '/home/pengyh', 'CONDA_SHLVL': '0', 'OLDPWD': '/home/pengyh/workspace/FreeAskAgent', 'TERM_PROGRAM_VERSION': '1.108.0', 'VSCODE_IPC_HOOK_CLI': '/run/user/1000/vscode-ipc-6557994e-91c9-4cff-9acb-d90404003dd8.sock', 'ROS_PYTHON_VERSION': '3', 'VSCODE_GIT_ASKPASS_MAIN': '/home/pengyh/.vscode-server/bin/94e8ae2b28cb5cc932b86e1070569c4463565c37/extensions/git/dist/askpass-main.js', 'VSCODE_GIT_ASKPASS_NODE': '/home/pengyh/.vscode-server/bin/94e8ae2b28cb5cc932b86e1070569c4463565c37/node', 'PYDEVD_DISABLE_FILE_VALIDATION': '1', 'BUNDLED_DEBUGPY_PATH': '/home/pengyh/.vscode-server/extensions/ms-python.debugpy-2025.18.0/bundled/libs/debugpy', 'VSCODE_PYTHON_AUTOACTIVATE_GUARD': '1', 'DBUS_SESSION_BUS_ADDRESS': 'unix:path=/run/user/1000/bus', 'COLORTERM': 'truecolor', '_CE_M': '', 'WSL_DISTRO_NAME': 'Ubuntu-24.04', 'DEBUGINFOD_URLS': 'https://debuginfod.ubuntu.com', 'WAYLAND_DISPLAY': 'wayland-0', 'https_proxy': 'http://192.168.31.44:4780', 'ROS_DISTRO': 'jazzy', 'LOGNAME': 'pengyh', 'NAME': 'Doraemon-Desktop', 'WSL_INTEROP': '/run/WSL/546_interop', 'http_proxy': 'http://192.168.31.44:4780', 'PULSE_SERVER': 'unix:/mnt/wslg/PulseServer', '_': '/usr/bin/colcon', 'ROS_VERSION': '2', 'TERM': 'xterm-256color', '_CE_CONDA': '', 'PATH': '/home/pengyh/.vscode-server/data/User/globalStorage/github.copilot-chat/debugCommand:/home/pengyh/.vscode-server/data/User/globalStorage/github.copilot-chat/copilotCli:/home/pengyh/.vscode-server/bin/94e8ae2b28cb5cc932b86e1070569c4463565c37/bin/remote-cli:/opt/ros/jazzy/opt/gz_msgs_vendor/bin:/opt/ros/jazzy/opt/gz_tools_vendor/bin:/opt/ros/jazzy/opt/gz_ogre_next_vendor/bin:/opt/ros/jazzy/bin:/home/pengyh/softwares/anaconda3/condabin:/usr/local/sbin:/usr/local/bin:/usr/sbin:/usr/bin:/sbin:/bin:/usr/games:/usr/local/games:/usr/lib/wsl/lib:/mnt/c/Program Files/NVIDIA GPU Computing Toolkit/CUDA/v12.9/bin:/mnt/c/Program Files/NVIDIA GPU Computing Toolkit/CUDA/v12.9/libnvvp:/mnt/d/Softwares/PlasticSCM/server:/mnt/d/Softwares/PlasticSCM/client:/mnt/c/WINDOWS/system32:/mnt/c/WINDOWS:/mnt/c/WINDOWS/System32/Wbem:/mnt/c/WINDOWS/System32/WindowsPowerShell/v1.0/:/mnt/c/WINDOWS/System32/OpenSSH/:/mnt/c/Program Files/NVIDIA Corporation/NVIDIA App/NvDLISR:/mnt/c/Program Files (x86)/NVIDIA Corporation/PhysX/Common:/mnt/c/Program Files/dotnet/:/mnt/d/Softwares/Git/Git/cmd:/mnt/c/Program Files/NVIDIA Corporation/Nsight Compute 2022.1.0/:/mnt/c/Program Files/Docker/Docker/resources/bin:/mnt/c/Program Files (x86)/Windows Kits/10/Windows Performance Toolkit/:/mnt/c/Users/彭宇航/AppData/Local/Microsoft/WindowsApps:/mnt/d/Softwares/VSCode/Microsoft VS Code/bin:/mnt/d/Tools/Anaconda:/mnt/d/Tools/Anaconda/Scripts:/mnt/d/Tools/Anaconda/Library/bin:/mnt/c/Users/彭宇航/.dotnet/tools:/snap/bin:/home/pengyh/.vscode-server/extensions/ms-python.debugpy-2025.18.0/bundled/scripts/noConfigScripts', 'XDG_RUNTIME_DIR': '/run/user/1000/', 'DISPLAY': ':0', 'VSCODE_DEBUGPY_ADAPTER_ENDPOINTS': '/home/pengyh/.vscode-server/extensions/ms-python.debugpy-2025.18.0/.noConfigDebugAdapterEndpoints/endpoint-8b119c96603a3506.txt', 'LANG': 'C.UTF-8', 'PYTHONSTARTUP': '/home/pengyh/.vscode-server/data/User/workspaceStorage/5974480726cefb12346fe730c9286c7b/ms-python.python/pythonrc.py', 'LS_COLORS': 'rs=0:di=01;34:ln=01;36:mh=00:pi=40;33:so=01;35:do=01;35:bd=40;33;01:cd=40;33;01:or=40;31;01:mi=00:su=37;41:sg=30;43:ca=00:tw=30;42:ow=34;42:st=37;44:ex=01;32:*.tar=01;31:*.tgz=01;31:*.arc=01;31:*.arj=01;31:*.taz=01;31:*.lha=01;31:*.lz4=01;31:*.lzh=01;31:*.lzma=01;31:*.tlz=01;31:*.txz=01;31:*.tzo=01;31:*.t7z=01;31:*.zip=01;31:*.z=01;31:*.dz=01;31:*.gz=01;31:*.lrz=01;31:*.lz=01;31:*.lzo=01;31:*.xz=01;31:*.zst=01;31:*.tzst=01;31:*.bz2=01;31:*.bz=01;31:*.tbz=01;31:*.tbz2=01;31:*.tz=01;31:*.deb=01;31:*.rpm=01;31:*.jar=01;31:*.war=01;31:*.ear=01;31:*.sar=01;31:*.rar=01;31:*.alz=01;31:*.ace=01;31:*.zoo=01;31:*.cpio=01;31:*.7z=01;31:*.rz=01;31:*.cab=01;31:*.wim=01;31:*.swm=01;31:*.dwm=01;31:*.esd=01;31:*.avif=01;35:*.jpg=01;35:*.jpeg=01;35:*.mjpg=01;35:*.mjpeg=01;35:*.gif=01;35:*.bmp=01;35:*.pbm=01;35:*.pgm=01;35:*.ppm=01;35:*.tga=01;35:*.xbm=01;35:*.xpm=01;35:*.tif=01;35:*.tiff=01;35:*.png=01;35:*.svg=01;35:*.svgz=01;35:*.mng=01;35:*.pcx=01;35:*.mov=01;35:*.mpg=01;35:*.mpeg=01;35:*.m2v=01;35:*.mkv=01;35:*.webm=01;35:*.webp=01;35:*.ogm=01;35:*.mp4=01;35:*.m4v=01;35:*.mp4v=01;35:*.vob=01;35:*.qt=01;35:*.nuv=01;35:*.wmv=01;35:*.asf=01;35:*.rm=01;35:*.rmvb=01;35:*.flc=01;35:*.avi=01;35:*.fli=01;35:*.flv=01;35:*.gl=01;35:*.dl=01;35:*.xcf=01;35:*.xwd=01;35:*.yuv=01;35:*.cgm=01;35:*.emf=01;35:*.ogv=01;35:*.ogx=01;35:*.aac=00;36:*.au=00;36:*.flac=00;36:*.m4a=00;36:*.mid=00;36:*.midi=00;36:*.mka=00;36:*.mp3=00;36:*.mpc=00;36:*.ogg=00;36:*.ra=00;36:*.wav=00;36:*.oga=00;36:*.opus=00;36:*.spx=00;36:*.xspf=00;36:*~=00;90:*#=00;90:*.bak=00;90:*.crdownload=00;90:*.dpkg-dist=00;90:*.dpkg-new=00;90:*.dpkg-old=00;90:*.dpkg-tmp=00;90:*.old=00;90:*.orig=00;90:*.part=00;90:*.rej=00;90:*.rpmnew=00;90:*.rpmorig=00;90:*.rpmsave=00;90:*.swp=00;90:*.tmp=00;90:*.ucf-dist=00;90:*.ucf-new=00;90:*.ucf-old=00;90:', 'VSCODE_GIT_IPC_HANDLE': '/run/user/1000/vscode-git-7ec00a5a3c.sock', 'TERM_PROGRAM': 'vscode', 'hostip': '192.168.31.44', 'AMENT_PREFIX_PATH': '/opt/ros/jazzy', 'CONDA_PYTHON_EXE': '/home/pengyh/softwares/anaconda3/bin/python', 'SHELL': '/bin/bash', 'LESSCLOSE': '/usr/bin/lesspipe %s %s', 'ROS_AUTOMATIC_DISCOVERY_RANGE': 'SUBNET', 'VSCODE_GIT_ASKPASS_EXTRA_ARGS': '', 'PWD': '/home/pengyh/workspace/FreeAskAgent/closed_loop/ros2/build/simulator_messages', 'CONDA_EXE': '/home/pengyh/softwares/anaconda3/bin/conda', 'XDG_DATA_DIRS': '/usr/local/share:/usr/share:/var/lib/snapd/desktop', 'PYTHONPATH': '/opt/ros/jazzy/lib/python3.12/site-packages', 'COLCON': '1', 'WSL2_GUI_APPS_ENABLED': '1', 'HOSTTYPE': 'x86_64', 'CMAKE_PREFIX_PATH': '/opt/ros/jazzy/opt/gz_sim_vendor:/opt/ros/jazzy/opt/gz_sensors_vendor:/opt/ros/jazzy/opt/gz_physics_vendor:/opt/ros/jazzy/opt/sdformat_vendor:/opt/ros/jazzy/opt/gz_gui_vendor:/opt/ros/jazzy/opt/gz_transport_vendor:/opt/ros/jazzy/opt/gz_rendering_vendor:/opt/ros/jazzy/opt/gz_plugin_vendor:/opt/ros/jazzy/opt/gz_fuel_tools_vendor:/opt/ros/jazzy/opt/gz_msgs_vendor:/opt/ros/jazzy/opt/gz_common_vendor:/opt/ros/jazzy/opt/gz_math_vendor:/opt/ros/jazzy/opt/gz_utils_vendor:/opt/ros/jazzy/opt/gz_tools_vendor:/opt/ros/jazzy/opt/gz_ogre_next_vendor:/opt/ros/jazzy/opt/gz_dartsim_vendor:/opt/ros/jazzy/opt/gz_cmake_vendor', 'WSLENV': 'VSCODE_WSL_EXT_LOCATION/up'}), 'shell': False}
[4.241226] (simulator_messages) StdoutLine: {'line': b'[  2%] \x1b[34m\x1b[1mGenerating type hashes for ROS interfaces\x1b[0m\n'}
[4.247987] (simulator_messages) StdoutLine: {'line': b'[  2%] Built target ament_cmake_python_copy_simulator_messages\n'}
[4.289872] (-) TimerEvent: {}
[4.382539] (simulator_messages) StdoutLine: {'line': b'[  2%] Built target simulator_messages__rosidl_generator_type_description\n'}
[4.390283] (-) TimerEvent: {}
[4.391906] (simulator_messages) StdoutLine: {'line': b'[  5%] \x1b[34m\x1b[1mGenerating C code for ROS interfaces\x1b[0m\n'}
[4.392209] (simulator_messages) StdoutLine: {'line': b'running egg_info\n'}
[4.392676] (simulator_messages) StdoutLine: {'line': b'creating simulator_messages.egg-info\n'}
[4.402389] (simulator_messages) StdoutLine: {'line': b'[  8%] \x1b[34m\x1b[1mGenerating C++ code for ROS interfaces\x1b[0m\n'}
[4.407892] (simulator_messages) StdoutLine: {'line': b'writing simulator_messages.egg-info/PKG-INFO\n'}
[4.408095] (simulator_messages) StdoutLine: {'line': b'writing dependency_links to simulator_messages.egg-info/dependency_links.txt\n'}
[4.408146] (simulator_messages) StdoutLine: {'line': b'writing top-level names to simulator_messages.egg-info/top_level.txt\n'}
[4.408282] (simulator_messages) StdoutLine: {'line': b"writing manifest file 'simulator_messages.egg-info/SOURCES.txt'\n"}
[4.441867] (simulator_messages) StdoutLine: {'line': b"reading manifest file 'simulator_messages.egg-info/SOURCES.txt'\n"}
[4.442128] (simulator_messages) StdoutLine: {'line': b"writing manifest file 'simulator_messages.egg-info/SOURCES.txt'\n"}
[4.463591] (simulator_messages) StdoutLine: {'line': b'[  8%] Built target ament_cmake_python_build_simulator_messages_egg\n'}
[4.492021] (-) TimerEvent: {}
[4.562221] (simulator_messages) StdoutLine: {'line': b'[  8%] Built target simulator_messages__cpp\n'}
[4.580155] (simulator_messages) StdoutLine: {'line': b'[ 14%] \x1b[32mBuilding C object CMakeFiles/simulator_messages__rosidl_generator_c.dir/rosidl_generator_c/simulator_messages/msg/detail/simulator_command__type_support.c.o\x1b[0m\n'}
[4.580491] (simulator_messages) StdoutLine: {'line': b'[ 17%] \x1b[32mBuilding C object CMakeFiles/simulator_messages__rosidl_generator_c.dir/rosidl_generator_c/simulator_messages/msg/detail/simulator_command__description.c.o\x1b[0m\n'}
[4.580536] (simulator_messages) StdoutLine: {'line': b'[ 17%] \x1b[32mBuilding C object CMakeFiles/simulator_messages__rosidl_generator_c.dir/rosidl_generator_c/simulator_messages/msg/detail/simulator_command__functions.c.o\x1b[0m\n'}
[4.592300] (-) TimerEvent: {}
[4.642373] (simulator_messages) StdoutLine: {'line': b'[ 20%] \x1b[32m\x1b[1mLinking C shared library libsimulator_messages__rosidl_generator_c.so\x1b[0m\n'}
[4.692814] (-) TimerEvent: {}
[4.736829] (simulator_messages) StdoutLine: {'line': b'[ 20%] Built target simulator_messages__rosidl_generator_c\n'}
[4.745387] (simulator_messages) StdoutLine: {'line': b'[ 32%] \x1b[34m\x1b[1mGenerating C++ introspection for ROS interfaces\x1b[0m\n'}
[4.745606] (simulator_messages) StdoutLine: {'line': b'[ 35%] \x1b[34m\x1b[1mGenerating C type support for eProsima Fast-RTPS\x1b[0m\n'}
[4.745652] (simulator_messages) StdoutLine: {'line': b'[ 35%] \x1b[34m\x1b[1mGenerating C++ type support for eProsima Fast-RTPS\x1b[0m\n'}
[4.745802] (simulator_messages) StdoutLine: {'line': b'[ 32%] \x1b[34m\x1b[1mGenerating C++ type support dispatch for ROS interfaces\x1b[0m\n'}
[4.745854] (simulator_messages) StdoutLine: {'line': b'[ 32%] \x1b[34m\x1b[1mGenerating C introspection for ROS interfaces\x1b[0m\n'}
[4.745887] (simulator_messages) StdoutLine: {'line': b'[ 38%] \x1b[34m\x1b[1mGenerating C type support dispatch for ROS interfaces\x1b[0m\n'}
[4.793104] (-) TimerEvent: {}
[4.896843] (-) TimerEvent: {}
[4.927876] (simulator_messages) StdoutLine: {'line': b'[ 41%] \x1b[32mBuilding CXX object CMakeFiles/simulator_messages__rosidl_typesupport_c.dir/rosidl_typesupport_c/simulator_messages/msg/simulator_command__type_support.cpp.o\x1b[0m\n'}
[4.931461] (simulator_messages) StdoutLine: {'line': b'[ 44%] \x1b[32mBuilding CXX object CMakeFiles/simulator_messages__rosidl_typesupport_cpp.dir/rosidl_typesupport_cpp/simulator_messages/msg/simulator_command__type_support.cpp.o\x1b[0m\n'}
[4.939039] (simulator_messages) StdoutLine: {'line': b'[ 47%] \x1b[32mBuilding C object CMakeFiles/simulator_messages__rosidl_typesupport_introspection_c.dir/rosidl_typesupport_introspection_c/simulator_messages/msg/detail/simulator_command__type_support.c.o\x1b[0m\n'}
[4.947392] (simulator_messages) StdoutLine: {'line': b'[ 52%] \x1b[32mBuilding CXX object CMakeFiles/simulator_messages__rosidl_typesupport_fastrtps_cpp.dir/rosidl_typesupport_fastrtps_cpp/simulator_messages/msg/detail/dds_fastrtps/simulator_command__type_support.cpp.o\x1b[0m\n'}
[4.947625] (simulator_messages) StdoutLine: {'line': b'[ 52%] \x1b[32mBuilding CXX object CMakeFiles/simulator_messages__rosidl_typesupport_introspection_cpp.dir/rosidl_typesupport_introspection_cpp/simulator_messages/msg/detail/simulator_command__type_support.cpp.o\x1b[0m\n'}
[4.965275] (simulator_messages) StdoutLine: {'line': b'[ 55%] \x1b[32mBuilding CXX object CMakeFiles/simulator_messages__rosidl_typesupport_fastrtps_c.dir/rosidl_typesupport_fastrtps_c/simulator_messages/msg/detail/simulator_command__type_support_c.cpp.o\x1b[0m\n'}
[4.968252] (simulator_messages) StdoutLine: {'line': b'[ 58%] \x1b[32m\x1b[1mLinking CXX shared library libsimulator_messages__rosidl_typesupport_c.so\x1b[0m\n'}
[4.971995] (simulator_messages) StdoutLine: {'line': b'[ 61%] \x1b[32m\x1b[1mLinking C shared library libsimulator_messages__rosidl_typesupport_introspection_c.so\x1b[0m\n'}
[4.997162] (-) TimerEvent: {}
[5.055911] (simulator_messages) StdoutLine: {'line': b'[ 61%] Built target simulator_messages__rosidl_typesupport_introspection_c\n'}
[5.063885] (simulator_messages) StdoutLine: {'line': b'[ 61%] Built target simulator_messages__rosidl_typesupport_c\n'}
[5.099400] (-) TimerEvent: {}
[5.194136] (simulator_messages) StdoutLine: {'line': b'[ 64%] \x1b[32m\x1b[1mLinking CXX shared library libsimulator_messages__rosidl_typesupport_cpp.so\x1b[0m\n'}
[5.199862] (-) TimerEvent: {}
[5.210988] (simulator_messages) StdoutLine: {'line': b'[ 67%] \x1b[32m\x1b[1mLinking CXX shared library libsimulator_messages__rosidl_typesupport_introspection_cpp.so\x1b[0m\n'}
[5.290355] (simulator_messages) StdoutLine: {'line': b'[ 67%] Built target simulator_messages__rosidl_typesupport_cpp\n'}
[5.300628] (-) TimerEvent: {}
[5.318947] (simulator_messages) StdoutLine: {'line': b'[ 67%] Built target simulator_messages__rosidl_typesupport_introspection_cpp\n'}
[5.319880] (simulator_messages) StdoutLine: {'line': b'[ 70%] \x1b[32m\x1b[1mLinking CXX shared library libsimulator_messages__rosidl_typesupport_fastrtps_cpp.so\x1b[0m\n'}
[5.321870] (simulator_messages) StdoutLine: {'line': b'[ 73%] \x1b[32m\x1b[1mLinking CXX shared library libsimulator_messages__rosidl_typesupport_fastrtps_c.so\x1b[0m\n'}
[5.400924] (-) TimerEvent: {}
[5.421543] (simulator_messages) StdoutLine: {'line': b'[ 73%] Built target simulator_messages__rosidl_typesupport_fastrtps_cpp\n'}
[5.422211] (simulator_messages) StdoutLine: {'line': b'[ 73%] Built target simulator_messages__rosidl_typesupport_fastrtps_c\n'}
[5.440723] (simulator_messages) StdoutLine: {'line': b'[ 73%] Built target simulator_messages\n'}
[5.459549] (simulator_messages) StdoutLine: {'line': b'[ 76%] \x1b[34m\x1b[1mGenerating Python code for ROS interfaces\x1b[0m\n'}
[5.501185] (-) TimerEvent: {}
[5.601741] (-) TimerEvent: {}
[5.639260] (simulator_messages) StdoutLine: {'line': b'[ 76%] Built target simulator_messages__py\n'}
[5.657884] (simulator_messages) StdoutLine: {'line': b'[ 79%] \x1b[32mBuilding C object CMakeFiles/simulator_messages__rosidl_generator_py.dir/rosidl_generator_py/simulator_messages/msg/_simulator_command_s.c.o\x1b[0m\n'}
[5.702118] (-) TimerEvent: {}
[5.782528] (simulator_messages) StdoutLine: {'line': b'[ 82%] \x1b[32m\x1b[1mLinking C shared library libsimulator_messages__rosidl_generator_py.so\x1b[0m\n'}
[5.802480] (-) TimerEvent: {}
[5.873766] (simulator_messages) StdoutLine: {'line': b'[ 82%] Built target simulator_messages__rosidl_generator_py\n'}
[5.891511] (simulator_messages) StdoutLine: {'line': b'[ 91%] \x1b[32mBuilding C object CMakeFiles/simulator_messages_s__rosidl_typesupport_introspection_c.dir/rosidl_generator_py/simulator_messages/_simulator_messages_s.ep.rosidl_typesupport_introspection_c.c.o\x1b[0m\n'}
[5.891723] (simulator_messages) StdoutLine: {'line': b'[ 91%] \x1b[32mBuilding C object CMakeFiles/simulator_messages_s__rosidl_typesupport_c.dir/rosidl_generator_py/simulator_messages/_simulator_messages_s.ep.rosidl_typesupport_c.c.o\x1b[0m\n'}
[5.891767] (simulator_messages) StdoutLine: {'line': b'[ 91%] \x1b[32mBuilding C object CMakeFiles/simulator_messages_s__rosidl_typesupport_fastrtps_c.dir/rosidl_generator_py/simulator_messages/_simulator_messages_s.ep.rosidl_typesupport_fastrtps_c.c.o\x1b[0m\n'}
[5.902639] (-) TimerEvent: {}
[5.957722] (simulator_messages) StdoutLine: {'line': b'[ 94%] \x1b[32m\x1b[1mLinking C shared module rosidl_generator_py/simulator_messages/simulator_messages_s__rosidl_typesupport_c.so\x1b[0m\n'}
[5.959895] (simulator_messages) StdoutLine: {'line': b'[100%] \x1b[32m\x1b[1mLinking C shared module rosidl_generator_py/simulator_messages/simulator_messages_s__rosidl_typesupport_fastrtps_c.so\x1b[0m\n'}
[5.960093] (simulator_messages) StdoutLine: {'line': b'[100%] \x1b[32m\x1b[1mLinking C shared module rosidl_generator_py/simulator_messages/simulator_messages_s__rosidl_typesupport_introspection_c.so\x1b[0m\n'}
[6.002780] (-) TimerEvent: {}
[6.029187] (simulator_messages) StdoutLine: {'line': b'[100%] Built target simulator_messages_s__rosidl_typesupport_fastrtps_c\n'}
[6.029414] (simulator_messages) StdoutLine: {'line': b'[100%] Built target simulator_messages_s__rosidl_typesupport_introspection_c\n'}
[6.029465] (simulator_messages) StdoutLine: {'line': b'[100%] Built target simulator_messages_s__rosidl_typesupport_c\n'}
[6.041171] (simulator_messages) CommandEnded: {'returncode': 0}
[6.041931] (simulator_messages) JobProgress: {'identifier': 'simulator_messages', 'progress': 'install'}
[6.050021] (simulator_messages) Command: {'cmd': ['/usr/bin/cmake', '--install', '/home/pengyh/workspace/FreeAskAgent/closed_loop/ros2/build/simulator_messages'], 'cwd': '/home/pengyh/workspace/FreeAskAgent/closed_loop/ros2/build/simulator_messages', 'env': OrderedDict({'PYTHON_BASIC_REPL': '1', 'LESSOPEN': '| /usr/bin/lesspipe %s', 'no_proxy': 'localhost,127.0.0.1,::1', 'USER': 'pengyh', 'GZ_CONFIG_PATH': '/opt/ros/jazzy/opt/gz_sim_vendor/share/gz:/opt/ros/jazzy/opt/sdformat_vendor/share/gz:/opt/ros/jazzy/opt/gz_gui_vendor/share/gz:/opt/ros/jazzy/opt/gz_transport_vendor/share/gz:/opt/ros/jazzy/opt/gz_rendering_vendor/share/gz:/opt/ros/jazzy/opt/gz_plugin_vendor/share/gz:/opt/ros/jazzy/opt/gz_fuel_tools_vendor/share/gz:/opt/ros/jazzy/opt/gz_msgs_vendor/share/gz:/opt/ros/jazzy/opt/gz_common_vendor/share/gz', 'all_proxy': 'http://192.168.31.44:4780', 'GIT_ASKPASS': '/home/pengyh/.vscode-server/bin/94e8ae2b28cb5cc932b86e1070569c4463565c37/extensions/git/dist/askpass.sh', 'SHLVL': '1', 'LD_LIBRARY_PATH': '/opt/ros/jazzy/opt/gz_sim_vendor/lib:/opt/ros/jazzy/opt/gz_sensors_vendor/lib:/opt/ros/jazzy/opt/gz_physics_vendor/lib:/opt/ros/jazzy/opt/sdformat_vendor/lib:/opt/ros/jazzy/opt/rviz_ogre_vendor/lib:/opt/ros/jazzy/lib/x86_64-linux-gnu:/opt/ros/jazzy/opt/gz_gui_vendor/lib:/opt/ros/jazzy/opt/gz_transport_vendor/lib:/opt/ros/jazzy/opt/gz_rendering_vendor/lib:/opt/ros/jazzy/opt/gz_plugin_vendor/lib:/opt/ros/jazzy/opt/gz_fuel_tools_vendor/lib:/opt/ros/jazzy/opt/gz_msgs_vendor/lib:/opt/ros/jazzy/opt/gz_common_vendor/lib:/opt/ros/jazzy/opt/gz_math_vendor/lib:/opt/ros/jazzy/opt/gz_utils_vendor/lib:/opt/ros/jazzy/opt/gz_tools_vendor/lib:/opt/ros/jazzy/opt/gz_ogre_next_vendor/lib:/opt/ros/jazzy/opt/gz_dartsim_vendor/lib:/opt/ros/jazzy/opt/gz_cmake_vendor/lib:/opt/ros/jazzy/lib', 'HOME': '/home/pengyh', 'CONDA_SHLVL': '0', 'OLDPWD': '/home/pengyh/workspace/FreeAskAgent', 'TERM_PROGRAM_VERSION': '1.108.0', 'VSCODE_IPC_HOOK_CLI': '/run/user/1000/vscode-ipc-6557994e-91c9-4cff-9acb-d90404003dd8.sock', 'ROS_PYTHON_VERSION': '3', 'VSCODE_GIT_ASKPASS_MAIN': '/home/pengyh/.vscode-server/bin/94e8ae2b28cb5cc932b86e1070569c4463565c37/extensions/git/dist/askpass-main.js', 'VSCODE_GIT_ASKPASS_NODE': '/home/pengyh/.vscode-server/bin/94e8ae2b28cb5cc932b86e1070569c4463565c37/node', 'PYDEVD_DISABLE_FILE_VALIDATION': '1', 'BUNDLED_DEBUGPY_PATH': '/home/pengyh/.vscode-server/extensions/ms-python.debugpy-2025.18.0/bundled/libs/debugpy', 'VSCODE_PYTHON_AUTOACTIVATE_GUARD': '1', 'DBUS_SESSION_BUS_ADDRESS': 'unix:path=/run/user/1000/bus', 'COLORTERM': 'truecolor', '_CE_M': '', 'WSL_DISTRO_NAME': 'Ubuntu-24.04', 'DEBUGINFOD_URLS': 'https://debuginfod.ubuntu.com', 'WAYLAND_DISPLAY': 'wayland-0', 'https_proxy': 'http://192.168.31.44:4780', 'ROS_DISTRO': 'jazzy', 'LOGNAME': 'pengyh', 'NAME': 'Doraemon-Desktop', 'WSL_INTEROP': '/run/WSL/546_interop', 'http_proxy': 'http://192.168.31.44:4780', 'PULSE_SERVER': 'unix:/mnt/wslg/PulseServer', '_': '/usr/bin/colcon', 'ROS_VERSION': '2', 'TERM': 'xterm-256color', '_CE_CONDA': '', 'PATH': '/home/pengyh/.vscode-server/data/User/globalStorage/github.copilot-chat/debugCommand:/home/pengyh/.vscode-server/data/User/globalStorage/github.copilot-chat/copilotCli:/home/pengyh/.vscode-server/bin/94e8ae2b28cb5cc932b86e1070569c4463565c37/bin/remote-cli:/opt/ros/jazzy/opt/gz_msgs_vendor/bin:/opt/ros/jazzy/opt/gz_tools_vendor/bin:/opt/ros/jazzy/opt/gz_ogre_next_vendor/bin:/opt/ros/jazzy/bin:/home/pengyh/softwares/anaconda3/condabin:/usr/local/sbin:/usr/local/bin:/usr/sbin:/usr/bin:/sbin:/bin:/usr/games:/usr/local/games:/usr/lib/wsl/lib:/mnt/c/Program Files/NVIDIA GPU Computing Toolkit/CUDA/v12.9/bin:/mnt/c/Program Files/NVIDIA GPU Computing Toolkit/CUDA/v12.9/libnvvp:/mnt/d/Softwares/PlasticSCM/server:/mnt/d/Softwares/PlasticSCM/client:/mnt/c/WINDOWS/system32:/mnt/c/WINDOWS:/mnt/c/WINDOWS/System32/Wbem:/mnt/c/WINDOWS/System32/WindowsPowerShell/v1.0/:/mnt/c/WINDOWS/System32/OpenSSH/:/mnt/c/Program Files/NVIDIA Corporation/NVIDIA App/NvDLISR:/mnt/c/Program Files (x86)/NVIDIA Corporation/PhysX/Common:/mnt/c/Program Files/dotnet/:/mnt/d/Softwares/Git/Git/cmd:/mnt/c/Program Files/NVIDIA Corporation/Nsight Compute 2022.1.0/:/mnt/c/Program Files/Docker/Docker/resources/bin:/mnt/c/Program Files (x86)/Windows Kits/10/Windows Performance Toolkit/:/mnt/c/Users/彭宇航/AppData/Local/Microsoft/WindowsApps:/mnt/d/Softwares/VSCode/Microsoft VS Code/bin:/mnt/d/Tools/Anaconda:/mnt/d/Tools/Anaconda/Scripts:/mnt/d/Tools/Anaconda/Library/bin:/mnt/c/Users/彭宇航/.dotnet/tools:/snap/bin:/home/pengyh/.vscode-server/extensions/ms-python.debugpy-2025.18.0/bundled/scripts/noConfigScripts', 'XDG_RUNTIME_DIR': '/run/user/1000/', 'DISPLAY': ':0', 'VSCODE_DEBUGPY_ADAPTER_ENDPOINTS': '/home/pengyh/.vscode-server/extensions/ms-python.debugpy-2025.18.0/.noConfigDebugAdapterEndpoints/endpoint-8b119c96603a3506.txt', 'LANG': 'C.UTF-8', 'PYTHONSTARTUP': '/home/pengyh/.vscode-server/data/User/workspaceStorage/5974480726cefb12346fe730c9286c7b/ms-python.python/pythonrc.py', 'LS_COLORS': 'rs=0:di=01;34:ln=01;36:mh=00:pi=40;33:so=01;35:do=01;35:bd=40;33;01:cd=40;33;01:or=40;31;01:mi=00:su=37;41:sg=30;43:ca=00:tw=30;42:ow=34;42:st=37;44:ex=01;32:*.tar=01;31:*.tgz=01;31:*.arc=01;31:*.arj=01;31:*.taz=01;31:*.lha=01;31:*.lz4=01;31:*.lzh=01;31:*.lzma=01;31:*.tlz=01;31:*.txz=01;31:*.tzo=01;31:*.t7z=01;31:*.zip=01;31:*.z=01;31:*.dz=01;31:*.gz=01;31:*.lrz=01;31:*.lz=01;31:*.lzo=01;31:*.xz=01;31:*.zst=01;31:*.tzst=01;31:*.bz2=01;31:*.bz=01;31:*.tbz=01;31:*.tbz2=01;31:*.tz=01;31:*.deb=01;31:*.rpm=01;31:*.jar=01;31:*.war=01;31:*.ear=01;31:*.sar=01;31:*.rar=01;31:*.alz=01;31:*.ace=01;31:*.zoo=01;31:*.cpio=01;31:*.7z=01;31:*.rz=01;31:*.cab=01;31:*.wim=01;31:*.swm=01;31:*.dwm=01;31:*.esd=01;31:*.avif=01;35:*.jpg=01;35:*.jpeg=01;35:*.mjpg=01;35:*.mjpeg=01;35:*.gif=01;35:*.bmp=01;35:*.pbm=01;35:*.pgm=01;35:*.ppm=01;35:*.tga=01;35:*.xbm=01;35:*.xpm=01;35:*.tif=01;35:*.tiff=01;35:*.png=01;35:*.svg=01;35:*.svgz=01;35:*.mng=01;35:*.pcx=01;35:*.mov=01;35:*.mpg=01;35:*.mpeg=01;35:*.m2v=01;35:*.mkv=01;35:*.webm=01;35:*.webp=01;35:*.ogm=01;35:*.mp4=01;35:*.m4v=01;35:*.mp4v=01;35:*.vob=01;35:*.qt=01;35:*.nuv=01;35:*.wmv=01;35:*.asf=01;35:*.rm=01;35:*.rmvb=01;35:*.flc=01;35:*.avi=01;35:*.fli=01;35:*.flv=01;35:*.gl=01;35:*.dl=01;35:*.xcf=01;35:*.xwd=01;35:*.yuv=01;35:*.cgm=01;35:*.emf=01;35:*.ogv=01;35:*.ogx=01;35:*.aac=00;36:*.au=00;36:*.flac=00;36:*.m4a=00;36:*.mid=00;36:*.midi=00;36:*.mka=00;36:*.mp3=00;36:*.mpc=00;36:*.ogg=00;36:*.ra=00;36:*.wav=00;36:*.oga=00;36:*.opus=00;36:*.spx=00;36:*.xspf=00;36:*~=00;90:*#=00;90:*.bak=00;90:*.crdownload=00;90:*.dpkg-dist=00;90:*.dpkg-new=00;90:*.dpkg-old=00;90:*.dpkg-tmp=00;90:*.old=00;90:*.orig=00;90:*.part=00;90:*.rej=00;90:*.rpmnew=00;90:*.rpmorig=00;90:*.rpmsave=00;90:*.swp=00;90:*.tmp=00;90:*.ucf-dist=00;90:*.ucf-new=00;90:*.ucf-old=00;90:', 'VSCODE_GIT_IPC_HANDLE': '/run/user/1000/vscode-git-7ec00a5a3c.sock', 'TERM_PROGRAM': 'vscode', 'hostip': '192.168.31.44', 'AMENT_PREFIX_PATH': '/opt/ros/jazzy', 'CONDA_PYTHON_EXE': '/home/pengyh/softwares/anaconda3/bin/python', 'SHELL': '/bin/bash', 'LESSCLOSE': '/usr/bin/lesspipe %s %s', 'ROS_AUTOMATIC_DISCOVERY_RANGE': 'SUBNET', 'VSCODE_GIT_ASKPASS_EXTRA_ARGS': '', 'PWD': '/home/pengyh/workspace/FreeAskAgent/closed_loop/ros2/build/simulator_messages', 'CONDA_EXE': '/home/pengyh/softwares/anaconda3/bin/conda', 'XDG_DATA_DIRS': '/usr/local/share:/usr/share:/var/lib/snapd/desktop', 'PYTHONPATH': '/opt/ros/jazzy/lib/python3.12/site-packages', 'COLCON': '1', 'WSL2_GUI_APPS_ENABLED': '1', 'HOSTTYPE': 'x86_64', 'CMAKE_PREFIX_PATH': '/opt/ros/jazzy/opt/gz_sim_vendor:/opt/ros/jazzy/opt/gz_sensors_vendor:/opt/ros/jazzy/opt/gz_physics_vendor:/opt/ros/jazzy/opt/sdformat_vendor:/opt/ros/jazzy/opt/gz_gui_vendor:/opt/ros/jazzy/opt/gz_transport_vendor:/opt/ros/jazzy/opt/gz_rendering_vendor:/opt/ros/jazzy/opt/gz_plugin_vendor:/opt/ros/jazzy/opt/gz_fuel_tools_vendor:/opt/ros/jazzy/opt/gz_msgs_vendor:/opt/ros/jazzy/opt/gz_common_vendor:/opt/ros/jazzy/opt/gz_math_vendor:/opt/ros/jazzy/opt/gz_utils_vendor:/opt/ros/jazzy/opt/gz_tools_vendor:/opt/ros/jazzy/opt/gz_ogre_next_vendor:/opt/ros/jazzy/opt/gz_dartsim_vendor:/opt/ros/jazzy/opt/gz_cmake_vendor', 'WSLENV': 'VSCODE_WSL_EXT_LOCATION/up'}), 'shell': False}
[6.056791] (simulator_messages) StdoutLine: {'line': b'-- Install configuration: ""\n'}
[6.057394] (simulator_messages) StdoutLine: {'line': b'-- Installing: /home/pengyh/workspace/FreeAskAgent/closed_loop/ros2/install/simulator_messages/share/ament_index/resource_index/rosidl_interfaces/simulator_messages\n'}
[6.057680] (simulator_messages) StdoutLine: {'line': b'-- Installing: /home/pengyh/workspace/FreeAskAgent/closed_loop/ros2/install/simulator_messages/share/simulator_messages/msg/SimulatorCommand.json\n'}
[6.057791] (simulator_messages) StdoutLine: {'line': b'-- Installing: /home/pengyh/workspace/FreeAskAgent/closed_loop/ros2/install/simulator_messages/include/simulator_messages/simulator_messages\n'}
[6.058359] (simulator_messages) StdoutLine: {'line': b'-- Installing: /home/pengyh/workspace/FreeAskAgent/closed_loop/ros2/install/simulator_messages/include/simulator_messages/simulator_messages/msg\n'}
[6.058602] (simulator_messages) StdoutLine: {'line': b'-- Installing: /home/pengyh/workspace/FreeAskAgent/closed_loop/ros2/install/simulator_messages/include/simulator_messages/simulator_messages/msg/detail\n'}
[6.058783] (simulator_messages) StdoutLine: {'line': b'-- Installing: /home/pengyh/workspace/FreeAskAgent/closed_loop/ros2/install/simulator_messages/include/simulator_messages/simulator_messages/msg/detail/simulator_command__functions.c\n'}
[6.058893] (simulator_messages) StdoutLine: {'line': b'-- Installing: /home/pengyh/workspace/FreeAskAgent/closed_loop/ros2/install/simulator_messages/include/simulator_messages/simulator_messages/msg/detail/simulator_command__type_support.c\n'}
[6.058959] (simulator_messages) StdoutLine: {'line': b'-- Installing: /home/pengyh/workspace/FreeAskAgent/closed_loop/ros2/install/simulator_messages/include/simulator_messages/simulator_messages/msg/detail/simulator_command__type_support.h\n'}
[6.058999] (simulator_messages) StdoutLine: {'line': b'-- Installing: /home/pengyh/workspace/FreeAskAgent/closed_loop/ros2/install/simulator_messages/include/simulator_messages/simulator_messages/msg/detail/simulator_command__description.c\n'}
[6.059029] (simulator_messages) StdoutLine: {'line': b'-- Installing: /home/pengyh/workspace/FreeAskAgent/closed_loop/ros2/install/simulator_messages/include/simulator_messages/simulator_messages/msg/detail/simulator_command__struct.h\n'}
[6.059059] (simulator_messages) StdoutLine: {'line': b'-- Installing: /home/pengyh/workspace/FreeAskAgent/closed_loop/ros2/install/simulator_messages/include/simulator_messages/simulator_messages/msg/detail/simulator_command__functions.h\n'}
[6.059088] (simulator_messages) StdoutLine: {'line': b'-- Installing: /home/pengyh/workspace/FreeAskAgent/closed_loop/ros2/install/simulator_messages/include/simulator_messages/simulator_messages/msg/simulator_command.h\n'}
[6.059213] (simulator_messages) StdoutLine: {'line': b'-- Installing: /home/pengyh/workspace/FreeAskAgent/closed_loop/ros2/install/simulator_messages/include/simulator_messages/simulator_messages/msg/rosidl_generator_c__visibility_control.h\n'}
[6.059720] (simulator_messages) StdoutLine: {'line': b'-- Installing: /home/pengyh/workspace/FreeAskAgent/closed_loop/ros2/install/simulator_messages/share/simulator_messages/environment/library_path.sh\n'}
[6.059825] (simulator_messages) StdoutLine: {'line': b'-- Installing: /home/pengyh/workspace/FreeAskAgent/closed_loop/ros2/install/simulator_messages/share/simulator_messages/environment/library_path.dsv\n'}
[6.060095] (simulator_messages) StdoutLine: {'line': b'-- Installing: /home/pengyh/workspace/FreeAskAgent/closed_loop/ros2/install/simulator_messages/lib/libsimulator_messages__rosidl_generator_c.so\n'}
[6.060360] (simulator_messages) StdoutLine: {'line': b'-- Set non-toolchain portion of runtime path of "/home/pengyh/workspace/FreeAskAgent/closed_loop/ros2/install/simulator_messages/lib/libsimulator_messages__rosidl_generator_c.so" to ""\n'}
[6.060555] (simulator_messages) StdoutLine: {'line': b'-- Up-to-date: /home/pengyh/workspace/FreeAskAgent/closed_loop/ros2/install/simulator_messages/include/simulator_messages/simulator_messages\n'}
[6.060697] (simulator_messages) StdoutLine: {'line': b'-- Up-to-date: /home/pengyh/workspace/FreeAskAgent/closed_loop/ros2/install/simulator_messages/include/simulator_messages/simulator_messages/msg\n'}
[6.060751] (simulator_messages) StdoutLine: {'line': b'-- Installing: /home/pengyh/workspace/FreeAskAgent/closed_loop/ros2/install/simulator_messages/include/simulator_messages/simulator_messages/msg/rosidl_typesupport_fastrtps_c__visibility_control.h\n'}
[6.060784] (simulator_messages) StdoutLine: {'line': b'-- Up-to-date: /home/pengyh/workspace/FreeAskAgent/closed_loop/ros2/install/simulator_messages/include/simulator_messages/simulator_messages/msg/detail\n'}
[6.060814] (simulator_messages) StdoutLine: {'line': b'-- Installing: /home/pengyh/workspace/FreeAskAgent/closed_loop/ros2/install/simulator_messages/include/simulator_messages/simulator_messages/msg/detail/simulator_command__rosidl_typesupport_fastrtps_c.h\n'}
[6.060923] (simulator_messages) StdoutLine: {'line': b'-- Installing: /home/pengyh/workspace/FreeAskAgent/closed_loop/ros2/install/simulator_messages/lib/libsimulator_messages__rosidl_typesupport_fastrtps_c.so\n'}
[6.060966] (simulator_messages) StdoutLine: {'line': b'-- Set non-toolchain portion of runtime path of "/home/pengyh/workspace/FreeAskAgent/closed_loop/ros2/install/simulator_messages/lib/libsimulator_messages__rosidl_typesupport_fastrtps_c.so" to ""\n'}
[6.060994] (simulator_messages) StdoutLine: {'line': b'-- Up-to-date: /home/pengyh/workspace/FreeAskAgent/closed_loop/ros2/install/simulator_messages/include/simulator_messages/simulator_messages\n'}
[6.061025] (simulator_messages) StdoutLine: {'line': b'-- Up-to-date: /home/pengyh/workspace/FreeAskAgent/closed_loop/ros2/install/simulator_messages/include/simulator_messages/simulator_messages/msg\n'}
[6.061056] (simulator_messages) StdoutLine: {'line': b'-- Installing: /home/pengyh/workspace/FreeAskAgent/closed_loop/ros2/install/simulator_messages/include/simulator_messages/simulator_messages/msg/rosidl_typesupport_introspection_c__visibility_control.h\n'}
[6.061247] (simulator_messages) StdoutLine: {'line': b'-- Up-to-date: /home/pengyh/workspace/FreeAskAgent/closed_loop/ros2/install/simulator_messages/include/simulator_messages/simulator_messages/msg/detail\n'}
[6.061411] (simulator_messages) StdoutLine: {'line': b'-- Up-to-date: /home/pengyh/workspace/FreeAskAgent/closed_loop/ros2/install/simulator_messages/include/simulator_messages/simulator_messages/msg/detail/simulator_command__type_support.c\n'}
[6.061451] (simulator_messages) StdoutLine: {'line': b'-- Installing: /home/pengyh/workspace/FreeAskAgent/closed_loop/ros2/install/simulator_messages/include/simulator_messages/simulator_messages/msg/detail/simulator_command__rosidl_typesupport_introspection_c.h\n'}
[6.061480] (simulator_messages) StdoutLine: {'line': b'-- Installing: /home/pengyh/workspace/FreeAskAgent/closed_loop/ros2/install/simulator_messages/lib/libsimulator_messages__rosidl_typesupport_introspection_c.so\n'}
[6.061506] (simulator_messages) StdoutLine: {'line': b'-- Set non-toolchain portion of runtime path of "/home/pengyh/workspace/FreeAskAgent/closed_loop/ros2/install/simulator_messages/lib/libsimulator_messages__rosidl_typesupport_introspection_c.so" to ""\n'}
[6.061640] (simulator_messages) StdoutLine: {'line': b'-- Installing: /home/pengyh/workspace/FreeAskAgent/closed_loop/ros2/install/simulator_messages/lib/libsimulator_messages__rosidl_typesupport_c.so\n'}
[6.061820] (simulator_messages) StdoutLine: {'line': b'-- Set non-toolchain portion of runtime path of "/home/pengyh/workspace/FreeAskAgent/closed_loop/ros2/install/simulator_messages/lib/libsimulator_messages__rosidl_typesupport_c.so" to ""\n'}
[6.061905] (simulator_messages) StdoutLine: {'line': b'-- Up-to-date: /home/pengyh/workspace/FreeAskAgent/closed_loop/ros2/install/simulator_messages/include/simulator_messages/simulator_messages\n'}
[6.061979] (simulator_messages) StdoutLine: {'line': b'-- Up-to-date: /home/pengyh/workspace/FreeAskAgent/closed_loop/ros2/install/simulator_messages/include/simulator_messages/simulator_messages/msg\n'}
[6.062036] (simulator_messages) StdoutLine: {'line': b'-- Installing: /home/pengyh/workspace/FreeAskAgent/closed_loop/ros2/install/simulator_messages/include/simulator_messages/simulator_messages/msg/rosidl_generator_cpp__visibility_control.hpp\n'}
[6.062158] (simulator_messages) StdoutLine: {'line': b'-- Installing: /home/pengyh/workspace/FreeAskAgent/closed_loop/ros2/install/simulator_messages/include/simulator_messages/simulator_messages/msg/simulator_command.hpp\n'}
[6.062260] (simulator_messages) StdoutLine: {'line': b'-- Up-to-date: /home/pengyh/workspace/FreeAskAgent/closed_loop/ros2/install/simulator_messages/include/simulator_messages/simulator_messages/msg/detail\n'}
[6.062345] (simulator_messages) StdoutLine: {'line': b'-- Installing: /home/pengyh/workspace/FreeAskAgent/closed_loop/ros2/install/simulator_messages/include/simulator_messages/simulator_messages/msg/detail/simulator_command__traits.hpp\n'}
[6.062462] (simulator_messages) StdoutLine: {'line': b'-- Installing: /home/pengyh/workspace/FreeAskAgent/closed_loop/ros2/install/simulator_messages/include/simulator_messages/simulator_messages/msg/detail/simulator_command__struct.hpp\n'}
[6.062552] (simulator_messages) StdoutLine: {'line': b'-- Installing: /home/pengyh/workspace/FreeAskAgent/closed_loop/ros2/install/simulator_messages/include/simulator_messages/simulator_messages/msg/detail/simulator_command__builder.hpp\n'}
[6.062586] (simulator_messages) StdoutLine: {'line': b'-- Installing: /home/pengyh/workspace/FreeAskAgent/closed_loop/ros2/install/simulator_messages/include/simulator_messages/simulator_messages/msg/detail/simulator_command__type_support.hpp\n'}
[6.062614] (simulator_messages) StdoutLine: {'line': b'-- Up-to-date: /home/pengyh/workspace/FreeAskAgent/closed_loop/ros2/install/simulator_messages/include/simulator_messages/simulator_messages\n'}
[6.062641] (simulator_messages) StdoutLine: {'line': b'-- Up-to-date: /home/pengyh/workspace/FreeAskAgent/closed_loop/ros2/install/simulator_messages/include/simulator_messages/simulator_messages/msg\n'}
[6.062706] (simulator_messages) StdoutLine: {'line': b'-- Installing: /home/pengyh/workspace/FreeAskAgent/closed_loop/ros2/install/simulator_messages/include/simulator_messages/simulator_messages/msg/rosidl_typesupport_fastrtps_cpp__visibility_control.h\n'}
[6.062763] (simulator_messages) StdoutLine: {'line': b'-- Up-to-date: /home/pengyh/workspace/FreeAskAgent/closed_loop/ros2/install/simulator_messages/include/simulator_messages/simulator_messages/msg/detail\n'}
[6.062833] (simulator_messages) StdoutLine: {'line': b'-- Installing: /home/pengyh/workspace/FreeAskAgent/closed_loop/ros2/install/simulator_messages/include/simulator_messages/simulator_messages/msg/detail/dds_fastrtps\n'}
[6.062932] (simulator_messages) StdoutLine: {'line': b'-- Installing: /home/pengyh/workspace/FreeAskAgent/closed_loop/ros2/install/simulator_messages/include/simulator_messages/simulator_messages/msg/detail/simulator_command__rosidl_typesupport_fastrtps_cpp.hpp\n'}
[6.063006] (simulator_messages) StdoutLine: {'line': b'-- Installing: /home/pengyh/workspace/FreeAskAgent/closed_loop/ros2/install/simulator_messages/lib/libsimulator_messages__rosidl_typesupport_fastrtps_cpp.so\n'}
[6.063114] (simulator_messages) StdoutLine: {'line': b'-- Set non-toolchain portion of runtime path of "/home/pengyh/workspace/FreeAskAgent/closed_loop/ros2/install/simulator_messages/lib/libsimulator_messages__rosidl_typesupport_fastrtps_cpp.so" to ""\n'}
[6.063241] (simulator_messages) StdoutLine: {'line': b'-- Up-to-date: /home/pengyh/workspace/FreeAskAgent/closed_loop/ros2/install/simulator_messages/include/simulator_messages/simulator_messages\n'}
[6.063337] (simulator_messages) StdoutLine: {'line': b'-- Up-to-date: /home/pengyh/workspace/FreeAskAgent/closed_loop/ros2/install/simulator_messages/include/simulator_messages/simulator_messages/msg\n'}
[6.063378] (simulator_messages) StdoutLine: {'line': b'-- Up-to-date: /home/pengyh/workspace/FreeAskAgent/closed_loop/ros2/install/simulator_messages/include/simulator_messages/simulator_messages/msg/detail\n'}
[6.063415] (simulator_messages) StdoutLine: {'line': b'-- Installing: /home/pengyh/workspace/FreeAskAgent/closed_loop/ros2/install/simulator_messages/include/simulator_messages/simulator_messages/msg/detail/simulator_command__type_support.cpp\n'}
[6.063474] (simulator_messages) StdoutLine: {'line': b'-- Installing: /home/pengyh/workspace/FreeAskAgent/closed_loop/ros2/install/simulator_messages/include/simulator_messages/simulator_messages/msg/detail/simulator_command__rosidl_typesupport_introspection_cpp.hpp\n'}
[6.063513] (simulator_messages) StdoutLine: {'line': b'-- Installing: /home/pengyh/workspace/FreeAskAgent/closed_loop/ros2/install/simulator_messages/lib/libsimulator_messages__rosidl_typesupport_introspection_cpp.so\n'}
[6.063586] (simulator_messages) StdoutLine: {'line': b'-- Set non-toolchain portion of runtime path of "/home/pengyh/workspace/FreeAskAgent/closed_loop/ros2/install/simulator_messages/lib/libsimulator_messages__rosidl_typesupport_introspection_cpp.so" to ""\n'}
[6.063624] (simulator_messages) StdoutLine: {'line': b'-- Installing: /home/pengyh/workspace/FreeAskAgent/closed_loop/ros2/install/simulator_messages/lib/libsimulator_messages__rosidl_typesupport_cpp.so\n'}
[6.063724] (simulator_messages) StdoutLine: {'line': b'-- Set non-toolchain portion of runtime path of "/home/pengyh/workspace/FreeAskAgent/closed_loop/ros2/install/simulator_messages/lib/libsimulator_messages__rosidl_typesupport_cpp.so" to ""\n'}
[6.063830] (simulator_messages) StdoutLine: {'line': b'-- Installing: /home/pengyh/workspace/FreeAskAgent/closed_loop/ros2/install/simulator_messages/share/simulator_messages/environment/pythonpath.sh\n'}
[6.063952] (simulator_messages) StdoutLine: {'line': b'-- Installing: /home/pengyh/workspace/FreeAskAgent/closed_loop/ros2/install/simulator_messages/share/simulator_messages/environment/pythonpath.dsv\n'}
[6.063993] (simulator_messages) StdoutLine: {'line': b'-- Installing: /home/pengyh/workspace/FreeAskAgent/closed_loop/ros2/install/simulator_messages/lib/python3.12/site-packages/simulator_messages-0.0.0-py3.12.egg-info\n'}
[6.064208] (simulator_messages) StdoutLine: {'line': b'-- Installing: /home/pengyh/workspace/FreeAskAgent/closed_loop/ros2/install/simulator_messages/lib/python3.12/site-packages/simulator_messages-0.0.0-py3.12.egg-info/top_level.txt\n'}
[6.064304] (simulator_messages) StdoutLine: {'line': b'-- Installing: /home/pengyh/workspace/FreeAskAgent/closed_loop/ros2/install/simulator_messages/lib/python3.12/site-packages/simulator_messages-0.0.0-py3.12.egg-info/PKG-INFO\n'}
[6.064540] (simulator_messages) StdoutLine: {'line': b'-- Installing: /home/pengyh/workspace/FreeAskAgent/closed_loop/ros2/install/simulator_messages/lib/python3.12/site-packages/simulator_messages-0.0.0-py3.12.egg-info/SOURCES.txt\n'}
[6.064697] (simulator_messages) StdoutLine: {'line': b'-- Installing: /home/pengyh/workspace/FreeAskAgent/closed_loop/ros2/install/simulator_messages/lib/python3.12/site-packages/simulator_messages-0.0.0-py3.12.egg-info/dependency_links.txt\n'}
[6.064814] (simulator_messages) StdoutLine: {'line': b'-- Installing: /home/pengyh/workspace/FreeAskAgent/closed_loop/ros2/install/simulator_messages/lib/python3.12/site-packages/simulator_messages\n'}
[6.065067] (simulator_messages) StdoutLine: {'line': b'-- Installing: /home/pengyh/workspace/FreeAskAgent/closed_loop/ros2/install/simulator_messages/lib/python3.12/site-packages/simulator_messages/_simulator_messages_s.ep.rosidl_typesupport_introspection_c.c\n'}
[6.065261] (simulator_messages) StdoutLine: {'line': b'-- Installing: /home/pengyh/workspace/FreeAskAgent/closed_loop/ros2/install/simulator_messages/lib/python3.12/site-packages/simulator_messages/msg\n'}
[6.065366] (simulator_messages) StdoutLine: {'line': b'-- Installing: /home/pengyh/workspace/FreeAskAgent/closed_loop/ros2/install/simulator_messages/lib/python3.12/site-packages/simulator_messages/msg/_simulator_command_s.c\n'}
[6.065494] (simulator_messages) StdoutLine: {'line': b'-- Installing: /home/pengyh/workspace/FreeAskAgent/closed_loop/ros2/install/simulator_messages/lib/python3.12/site-packages/simulator_messages/msg/__init__.py\n'}
[6.065594] (simulator_messages) StdoutLine: {'line': b'-- Installing: /home/pengyh/workspace/FreeAskAgent/closed_loop/ros2/install/simulator_messages/lib/python3.12/site-packages/simulator_messages/msg/_simulator_command.py\n'}
[6.065775] (simulator_messages) StdoutLine: {'line': b'-- Installing: /home/pengyh/workspace/FreeAskAgent/closed_loop/ros2/install/simulator_messages/lib/python3.12/site-packages/simulator_messages/simulator_messages_s__rosidl_typesupport_c.so\n'}
[6.065822] (simulator_messages) StdoutLine: {'line': b'-- Installing: /home/pengyh/workspace/FreeAskAgent/closed_loop/ros2/install/simulator_messages/lib/python3.12/site-packages/simulator_messages/simulator_messages_s__rosidl_typesupport_introspection_c.so\n'}
[6.065887] (simulator_messages) StdoutLine: {'line': b'-- Installing: /home/pengyh/workspace/FreeAskAgent/closed_loop/ros2/install/simulator_messages/lib/python3.12/site-packages/simulator_messages/__init__.py\n'}
[6.065966] (simulator_messages) StdoutLine: {'line': b'-- Installing: /home/pengyh/workspace/FreeAskAgent/closed_loop/ros2/install/simulator_messages/lib/python3.12/site-packages/simulator_messages/_simulator_messages_s.ep.rosidl_typesupport_fastrtps_c.c\n'}
[6.066061] (simulator_messages) StdoutLine: {'line': b'-- Installing: /home/pengyh/workspace/FreeAskAgent/closed_loop/ros2/install/simulator_messages/lib/python3.12/site-packages/simulator_messages/_simulator_messages_s.ep.rosidl_typesupport_c.c\n'}
[6.066098] (simulator_messages) StdoutLine: {'line': b'-- Installing: /home/pengyh/workspace/FreeAskAgent/closed_loop/ros2/install/simulator_messages/lib/python3.12/site-packages/simulator_messages/simulator_messages_s__rosidl_typesupport_fastrtps_c.so\n'}
[6.095683] (simulator_messages) StdoutLine: {'line': b"Listing '/home/pengyh/workspace/FreeAskAgent/closed_loop/ros2/install/simulator_messages/lib/python3.12/site-packages/simulator_messages'...\n"}
[6.095908] (simulator_messages) StdoutLine: {'line': b"Compiling '/home/pengyh/workspace/FreeAskAgent/closed_loop/ros2/install/simulator_messages/lib/python3.12/site-packages/simulator_messages/__init__.py'...\n"}
[6.095955] (simulator_messages) StdoutLine: {'line': b"Listing '/home/pengyh/workspace/FreeAskAgent/closed_loop/ros2/install/simulator_messages/lib/python3.12/site-packages/simulator_messages/msg'...\n"}
[6.095991] (simulator_messages) StdoutLine: {'line': b"Compiling '/home/pengyh/workspace/FreeAskAgent/closed_loop/ros2/install/simulator_messages/lib/python3.12/site-packages/simulator_messages/msg/__init__.py'...\n"}
[6.096026] (simulator_messages) StdoutLine: {'line': b"Compiling '/home/pengyh/workspace/FreeAskAgent/closed_loop/ros2/install/simulator_messages/lib/python3.12/site-packages/simulator_messages/msg/_simulator_command.py'...\n"}
[6.100569] (simulator_messages) StdoutLine: {'line': b'-- Installing: /home/pengyh/workspace/FreeAskAgent/closed_loop/ros2/install/simulator_messages/lib/python3.12/site-packages/simulator_messages/simulator_messages_s__rosidl_typesupport_fastrtps_c.so\n'}
[6.100855] (simulator_messages) StdoutLine: {'line': b'-- Set non-toolchain portion of runtime path of "/home/pengyh/workspace/FreeAskAgent/closed_loop/ros2/install/simulator_messages/lib/python3.12/site-packages/simulator_messages/simulator_messages_s__rosidl_typesupport_fastrtps_c.so" to ""\n'}
[6.100919] (simulator_messages) StdoutLine: {'line': b'-- Installing: /home/pengyh/workspace/FreeAskAgent/closed_loop/ros2/install/simulator_messages/lib/python3.12/site-packages/simulator_messages/simulator_messages_s__rosidl_typesupport_introspection_c.so\n'}
[6.101008] (simulator_messages) StdoutLine: {'line': b'-- Set non-toolchain portion of runtime path of "/home/pengyh/workspace/FreeAskAgent/closed_loop/ros2/install/simulator_messages/lib/python3.12/site-packages/simulator_messages/simulator_messages_s__rosidl_typesupport_introspection_c.so" to ""\n'}
[6.101055] (simulator_messages) StdoutLine: {'line': b'-- Installing: /home/pengyh/workspace/FreeAskAgent/closed_loop/ros2/install/simulator_messages/lib/python3.12/site-packages/simulator_messages/simulator_messages_s__rosidl_typesupport_c.so\n'}
[6.101234] (simulator_messages) StdoutLine: {'line': b'-- Set non-toolchain portion of runtime path of "/home/pengyh/workspace/FreeAskAgent/closed_loop/ros2/install/simulator_messages/lib/python3.12/site-packages/simulator_messages/simulator_messages_s__rosidl_typesupport_c.so" to ""\n'}
[6.101335] (simulator_messages) StdoutLine: {'line': b'-- Installing: /home/pengyh/workspace/FreeAskAgent/closed_loop/ros2/install/simulator_messages/lib/libsimulator_messages__rosidl_generator_py.so\n'}
[6.101376] (simulator_messages) StdoutLine: {'line': b'-- Set non-toolchain portion of runtime path of "/home/pengyh/workspace/FreeAskAgent/closed_loop/ros2/install/simulator_messages/lib/libsimulator_messages__rosidl_generator_py.so" to ""\n'}
[6.101597] (simulator_messages) StdoutLine: {'line': b'-- Installing: /home/pengyh/workspace/FreeAskAgent/closed_loop/ros2/install/simulator_messages/share/simulator_messages/msg/SimulatorCommand.idl\n'}
[6.101719] (simulator_messages) StdoutLine: {'line': b'-- Installing: /home/pengyh/workspace/FreeAskAgent/closed_loop/ros2/install/simulator_messages/share/simulator_messages/msg/SimulatorCommand.msg\n'}
[6.101929] (simulator_messages) StdoutLine: {'line': b'-- Installing: /home/pengyh/workspace/FreeAskAgent/closed_loop/ros2/install/simulator_messages/share/ament_index/resource_index/package_run_dependencies/simulator_messages\n'}
[6.102135] (simulator_messages) StdoutLine: {'line': b'-- Installing: /home/pengyh/workspace/FreeAskAgent/closed_loop/ros2/install/simulator_messages/share/ament_index/resource_index/parent_prefix_path/simulator_messages\n'}
[6.102263] (simulator_messages) StdoutLine: {'line': b'-- Installing: /home/pengyh/workspace/FreeAskAgent/closed_loop/ros2/install/simulator_messages/share/simulator_messages/environment/ament_prefix_path.sh\n'}
[6.102332] (simulator_messages) StdoutLine: {'line': b'-- Installing: /home/pengyh/workspace/FreeAskAgent/closed_loop/ros2/install/simulator_messages/share/simulator_messages/environment/ament_prefix_path.dsv\n'}
[6.102380] (simulator_messages) StdoutLine: {'line': b'-- Installing: /home/pengyh/workspace/FreeAskAgent/closed_loop/ros2/install/simulator_messages/share/simulator_messages/environment/path.sh\n'}
[6.102410] (simulator_messages) StdoutLine: {'line': b'-- Installing: /home/pengyh/workspace/FreeAskAgent/closed_loop/ros2/install/simulator_messages/share/simulator_messages/environment/path.dsv\n'}
[6.102456] (simulator_messages) StdoutLine: {'line': b'-- Installing: /home/pengyh/workspace/FreeAskAgent/closed_loop/ros2/install/simulator_messages/share/simulator_messages/local_setup.bash\n'}
[6.102511] (simulator_messages) StdoutLine: {'line': b'-- Installing: /home/pengyh/workspace/FreeAskAgent/closed_loop/ros2/install/simulator_messages/share/simulator_messages/local_setup.sh\n'}
[6.102546] (simulator_messages) StdoutLine: {'line': b'-- Installing: /home/pengyh/workspace/FreeAskAgent/closed_loop/ros2/install/simulator_messages/share/simulator_messages/local_setup.zsh\n'}
[6.102755] (simulator_messages) StdoutLine: {'line': b'-- Installing: /home/pengyh/workspace/FreeAskAgent/closed_loop/ros2/install/simulator_messages/share/simulator_messages/local_setup.dsv\n'}
[6.102791] (-) TimerEvent: {}
[6.102918] (simulator_messages) StdoutLine: {'line': b'-- Installing: /home/pengyh/workspace/FreeAskAgent/closed_loop/ros2/install/simulator_messages/share/simulator_messages/package.dsv\n'}
[6.103489] (simulator_messages) StdoutLine: {'line': b'-- Installing: /home/pengyh/workspace/FreeAskAgent/closed_loop/ros2/install/simulator_messages/share/ament_index/resource_index/packages/simulator_messages\n'}
[6.105103] (simulator_messages) StdoutLine: {'line': b'-- Installing: /home/pengyh/workspace/FreeAskAgent/closed_loop/ros2/install/simulator_messages/share/simulator_messages/cmake/export_simulator_messages__rosidl_generator_cExport.cmake\n'}
[6.105817] (simulator_messages) StdoutLine: {'line': b'-- Installing: /home/pengyh/workspace/FreeAskAgent/closed_loop/ros2/install/simulator_messages/share/simulator_messages/cmake/export_simulator_messages__rosidl_generator_cExport-noconfig.cmake\n'}
[6.105999] (simulator_messages) StdoutLine: {'line': b'-- Installing: /home/pengyh/workspace/FreeAskAgent/closed_loop/ros2/install/simulator_messages/share/simulator_messages/cmake/export_simulator_messages__rosidl_typesupport_fastrtps_cExport.cmake\n'}
[6.106047] (simulator_messages) StdoutLine: {'line': b'-- Installing: /home/pengyh/workspace/FreeAskAgent/closed_loop/ros2/install/simulator_messages/share/simulator_messages/cmake/export_simulator_messages__rosidl_typesupport_fastrtps_cExport-noconfig.cmake\n'}
[6.106081] (simulator_messages) StdoutLine: {'line': b'-- Installing: /home/pengyh/workspace/FreeAskAgent/closed_loop/ros2/install/simulator_messages/share/simulator_messages/cmake/simulator_messages__rosidl_typesupport_introspection_cExport.cmake\n'}
[6.106710] (simulator_messages) StdoutLine: {'line': b'-- Installing: /home/pengyh/workspace/FreeAskAgent/closed_loop/ros2/install/simulator_messages/share/simulator_messages/cmake/simulator_messages__rosidl_typesupport_introspection_cExport-noconfig.cmake\n'}
[6.107020] (simulator_messages) StdoutLine: {'line': b'-- Installing: /home/pengyh/workspace/FreeAskAgent/closed_loop/ros2/install/simulator_messages/share/simulator_messages/cmake/simulator_messages__rosidl_typesupport_cExport.cmake\n'}
[6.107070] (simulator_messages) StdoutLine: {'line': b'-- Installing: /home/pengyh/workspace/FreeAskAgent/closed_loop/ros2/install/simulator_messages/share/simulator_messages/cmake/simulator_messages__rosidl_typesupport_cExport-noconfig.cmake\n'}
[6.107101] (simulator_messages) StdoutLine: {'line': b'-- Installing: /home/pengyh/workspace/FreeAskAgent/closed_loop/ros2/install/simulator_messages/share/simulator_messages/cmake/export_simulator_messages__rosidl_generator_cppExport.cmake\n'}
[6.107638] (simulator_messages) StdoutLine: {'line': b'-- Installing: /home/pengyh/workspace/FreeAskAgent/closed_loop/ros2/install/simulator_messages/share/simulator_messages/cmake/export_simulator_messages__rosidl_typesupport_fastrtps_cppExport.cmake\n'}
[6.107785] (simulator_messages) StdoutLine: {'line': b'-- Installing: /home/pengyh/workspace/FreeAskAgent/closed_loop/ros2/install/simulator_messages/share/simulator_messages/cmake/export_simulator_messages__rosidl_typesupport_fastrtps_cppExport-noconfig.cmake\n'}
[6.107879] (simulator_messages) StdoutLine: {'line': b'-- Installing: /home/pengyh/workspace/FreeAskAgent/closed_loop/ros2/install/simulator_messages/share/simulator_messages/cmake/simulator_messages__rosidl_typesupport_introspection_cppExport.cmake\n'}
[6.107990] (simulator_messages) StdoutLine: {'line': b'-- Installing: /home/pengyh/workspace/FreeAskAgent/closed_loop/ros2/install/simulator_messages/share/simulator_messages/cmake/simulator_messages__rosidl_typesupport_introspection_cppExport-noconfig.cmake\n'}
[6.108124] (simulator_messages) StdoutLine: {'line': b'-- Installing: /home/pengyh/workspace/FreeAskAgent/closed_loop/ros2/install/simulator_messages/share/simulator_messages/cmake/simulator_messages__rosidl_typesupport_cppExport.cmake\n'}
[6.108173] (simulator_messages) StdoutLine: {'line': b'-- Installing: /home/pengyh/workspace/FreeAskAgent/closed_loop/ros2/install/simulator_messages/share/simulator_messages/cmake/simulator_messages__rosidl_typesupport_cppExport-noconfig.cmake\n'}
[6.108253] (simulator_messages) StdoutLine: {'line': b'-- Installing: /home/pengyh/workspace/FreeAskAgent/closed_loop/ros2/install/simulator_messages/share/simulator_messages/cmake/export_simulator_messages__rosidl_generator_pyExport.cmake\n'}
[6.108382] (simulator_messages) StdoutLine: {'line': b'-- Installing: /home/pengyh/workspace/FreeAskAgent/closed_loop/ros2/install/simulator_messages/share/simulator_messages/cmake/export_simulator_messages__rosidl_generator_pyExport-noconfig.cmake\n'}
[6.108782] (simulator_messages) StdoutLine: {'line': b'-- Installing: /home/pengyh/workspace/FreeAskAgent/closed_loop/ros2/install/simulator_messages/share/simulator_messages/cmake/rosidl_cmake-extras.cmake\n'}
[6.108858] (simulator_messages) StdoutLine: {'line': b'-- Installing: /home/pengyh/workspace/FreeAskAgent/closed_loop/ros2/install/simulator_messages/share/simulator_messages/cmake/ament_cmake_export_dependencies-extras.cmake\n'}
[6.108944] (simulator_messages) StdoutLine: {'line': b'-- Installing: /home/pengyh/workspace/FreeAskAgent/closed_loop/ros2/install/simulator_messages/share/simulator_messages/cmake/ament_cmake_export_include_directories-extras.cmake\n'}
[6.109128] (simulator_messages) StdoutLine: {'line': b'-- Installing: /home/pengyh/workspace/FreeAskAgent/closed_loop/ros2/install/simulator_messages/share/simulator_messages/cmake/ament_cmake_export_libraries-extras.cmake\n'}
[6.109182] (simulator_messages) StdoutLine: {'line': b'-- Installing: /home/pengyh/workspace/FreeAskAgent/closed_loop/ros2/install/simulator_messages/share/simulator_messages/cmake/ament_cmake_export_targets-extras.cmake\n'}
[6.109244] (simulator_messages) StdoutLine: {'line': b'-- Installing: /home/pengyh/workspace/FreeAskAgent/closed_loop/ros2/install/simulator_messages/share/simulator_messages/cmake/rosidl_cmake_export_typesupport_targets-extras.cmake\n'}
[6.109323] (simulator_messages) StdoutLine: {'line': b'-- Installing: /home/pengyh/workspace/FreeAskAgent/closed_loop/ros2/install/simulator_messages/share/simulator_messages/cmake/rosidl_cmake_export_typesupport_libraries-extras.cmake\n'}
[6.109412] (simulator_messages) StdoutLine: {'line': b'-- Installing: /home/pengyh/workspace/FreeAskAgent/closed_loop/ros2/install/simulator_messages/share/simulator_messages/cmake/simulator_messagesConfig.cmake\n'}
[6.109536] (simulator_messages) StdoutLine: {'line': b'-- Installing: /home/pengyh/workspace/FreeAskAgent/closed_loop/ros2/install/simulator_messages/share/simulator_messages/cmake/simulator_messagesConfig-version.cmake\n'}
[6.109598] (simulator_messages) StdoutLine: {'line': b'-- Installing: /home/pengyh/workspace/FreeAskAgent/closed_loop/ros2/install/simulator_messages/share/simulator_messages/package.xml\n'}
[6.112086] (simulator_messages) CommandEnded: {'returncode': 0}
[6.133743] (simulator_messages) JobEnded: {'identifier': 'simulator_messages', 'rc': 0}
[6.136162] (vln_connector) JobStarted: {'identifier': 'vln_connector'}
[6.206030] (-) TimerEvent: {}
[6.312724] (-) TimerEvent: {}
[6.413329] (-) TimerEvent: {}
[6.519727] (-) TimerEvent: {}
[6.626546] (-) TimerEvent: {}
[6.726840] (-) TimerEvent: {}
[6.827410] (-) TimerEvent: {}
[6.928054] (-) TimerEvent: {}
[7.028774] (-) TimerEvent: {}
[7.049434] (vln_connector) Command: {'cmd': ['/usr/bin/python3', '-W', 'ignore:setup.py install is deprecated', '-W', 'ignore:easy_install command is deprecated', 'setup.py', 'egg_info', '--egg-base', '../../build/vln_connector', 'build', '--build-base', '/home/pengyh/workspace/FreeAskAgent/closed_loop/ros2/build/vln_connector/build', 'install', '--record', '/home/pengyh/workspace/FreeAskAgent/closed_loop/ros2/build/vln_connector/install.log', '--single-version-externally-managed'], 'cwd': '/home/pengyh/workspace/FreeAskAgent/closed_loop/ros2/src/vln_connector', 'env': {'PYTHON_BASIC_REPL': '1', 'LESSOPEN': '| /usr/bin/lesspipe %s', 'no_proxy': 'localhost,127.0.0.1,::1', 'USER': 'pengyh', 'GZ_CONFIG_PATH': '/opt/ros/jazzy/opt/gz_sim_vendor/share/gz:/opt/ros/jazzy/opt/sdformat_vendor/share/gz:/opt/ros/jazzy/opt/gz_gui_vendor/share/gz:/opt/ros/jazzy/opt/gz_transport_vendor/share/gz:/opt/ros/jazzy/opt/gz_rendering_vendor/share/gz:/opt/ros/jazzy/opt/gz_plugin_vendor/share/gz:/opt/ros/jazzy/opt/gz_fuel_tools_vendor/share/gz:/opt/ros/jazzy/opt/gz_msgs_vendor/share/gz:/opt/ros/jazzy/opt/gz_common_vendor/share/gz', 'all_proxy': 'http://192.168.31.44:4780', 'GIT_ASKPASS': '/home/pengyh/.vscode-server/bin/94e8ae2b28cb5cc932b86e1070569c4463565c37/extensions/git/dist/askpass.sh', 'ROS_PACKAGE_PATH': '/home/pengyh/workspace/FreeAskAgent/closed_loop/ros2/install/simulator_messages/share', 'SHLVL': '1', 'LD_LIBRARY_PATH': '/home/pengyh/workspace/FreeAskAgent/closed_loop/ros2/install/simulator_messages/lib:/opt/ros/jazzy/opt/gz_sim_vendor/lib:/opt/ros/jazzy/opt/gz_sensors_vendor/lib:/opt/ros/jazzy/opt/gz_physics_vendor/lib:/opt/ros/jazzy/opt/sdformat_vendor/lib:/opt/ros/jazzy/opt/rviz_ogre_vendor/lib:/opt/ros/jazzy/lib/x86_64-linux-gnu:/opt/ros/jazzy/opt/gz_gui_vendor/lib:/opt/ros/jazzy/opt/gz_transport_vendor/lib:/opt/ros/jazzy/opt/gz_rendering_vendor/lib:/opt/ros/jazzy/opt/gz_plugin_vendor/lib:/opt/ros/jazzy/opt/gz_fuel_tools_vendor/lib:/opt/ros/jazzy/opt/gz_msgs_vendor/lib:/opt/ros/jazzy/opt/gz_common_vendor/lib:/opt/ros/jazzy/opt/gz_math_vendor/lib:/opt/ros/jazzy/opt/gz_utils_vendor/lib:/opt/ros/jazzy/opt/gz_tools_vendor/lib:/opt/ros/jazzy/opt/gz_ogre_next_vendor/lib:/opt/ros/jazzy/opt/gz_dartsim_vendor/lib:/opt/ros/jazzy/opt/gz_cmake_vendor/lib:/opt/ros/jazzy/lib', 'HOME': '/home/pengyh', 'CONDA_SHLVL': '0', 'OLDPWD': '/home/pengyh/workspace/FreeAskAgent', 'TERM_PROGRAM_VERSION': '1.108.0', 'VSCODE_IPC_HOOK_CLI': '/run/user/1000/vscode-ipc-6557994e-91c9-4cff-9acb-d90404003dd8.sock', 'ROS_PYTHON_VERSION': '3', 'VSCODE_GIT_ASKPASS_MAIN': '/home/pengyh/.vscode-server/bin/94e8ae2b28cb5cc932b86e1070569c4463565c37/extensions/git/dist/askpass-main.js', 'VSCODE_GIT_ASKPASS_NODE': '/home/pengyh/.vscode-server/bin/94e8ae2b28cb5cc932b86e1070569c4463565c37/node', 'PYDEVD_DISABLE_FILE_VALIDATION': '1', 'BUNDLED_DEBUGPY_PATH': '/home/pengyh/.vscode-server/extensions/ms-python.debugpy-2025.18.0/bundled/libs/debugpy', 'VSCODE_PYTHON_AUTOACTIVATE_GUARD': '1', 'DBUS_SESSION_BUS_ADDRESS': 'unix:path=/run/user/1000/bus', 'COLORTERM': 'truecolor', '_CE_M': '', 'WSL_DISTRO_NAME': 'Ubuntu-24.04', 'DEBUGINFOD_URLS': 'https://debuginfod.ubuntu.com', 'WAYLAND_DISPLAY': 'wayland-0', 'https_proxy': 'http://192.168.31.44:4780', 'ROS_DISTRO': 'jazzy', 'LOGNAME': 'pengyh', 'NAME': 'Doraemon-Desktop', 'WSL_INTEROP': '/run/WSL/546_interop', 'http_proxy': 'http://192.168.31.44:4780', 'PULSE_SERVER': 'unix:/mnt/wslg/PulseServer', '_': '/usr/bin/colcon', 'ROS_VERSION': '2', 'PKG_CONFIG_PATH': '/home/pengyh/workspace/FreeAskAgent/closed_loop/ros2/install/simulator_messages/lib/x86_64-linux-gnu/pkgconfig:/home/pengyh/workspace/FreeAskAgent/closed_loop/ros2/install/simulator_messages/lib/pkgconfig', 'TERM': 'xterm-256color', '_CE_CONDA': '', 'PATH': '/home/pengyh/.vscode-server/data/User/globalStorage/github.copilot-chat/debugCommand:/home/pengyh/.vscode-server/data/User/globalStorage/github.copilot-chat/copilotCli:/home/pengyh/.vscode-server/bin/94e8ae2b28cb5cc932b86e1070569c4463565c37/bin/remote-cli:/opt/ros/jazzy/opt/gz_msgs_vendor/bin:/opt/ros/jazzy/opt/gz_tools_vendor/bin:/opt/ros/jazzy/opt/gz_ogre_next_vendor/bin:/opt/ros/jazzy/bin:/home/pengyh/softwares/anaconda3/condabin:/usr/local/sbin:/usr/local/bin:/usr/sbin:/usr/bin:/sbin:/bin:/usr/games:/usr/local/games:/usr/lib/wsl/lib:/mnt/c/Program Files/NVIDIA GPU Computing Toolkit/CUDA/v12.9/bin:/mnt/c/Program Files/NVIDIA GPU Computing Toolkit/CUDA/v12.9/libnvvp:/mnt/d/Softwares/PlasticSCM/server:/mnt/d/Softwares/PlasticSCM/client:/mnt/c/WINDOWS/system32:/mnt/c/WINDOWS:/mnt/c/WINDOWS/System32/Wbem:/mnt/c/WINDOWS/System32/WindowsPowerShell/v1.0/:/mnt/c/WINDOWS/System32/OpenSSH/:/mnt/c/Program Files/NVIDIA Corporation/NVIDIA App/NvDLISR:/mnt/c/Program Files (x86)/NVIDIA Corporation/PhysX/Common:/mnt/c/Program Files/dotnet/:/mnt/d/Softwares/Git/Git/cmd:/mnt/c/Program Files/NVIDIA Corporation/Nsight Compute 2022.1.0/:/mnt/c/Program Files/Docker/Docker/resources/bin:/mnt/c/Program Files (x86)/Windows Kits/10/Windows Performance Toolkit/:/mnt/c/Users/彭宇航/AppData/Local/Microsoft/WindowsApps:/mnt/d/Softwares/VSCode/Microsoft VS Code/bin:/mnt/d/Tools/Anaconda:/mnt/d/Tools/Anaconda/Scripts:/mnt/d/Tools/Anaconda/Library/bin:/mnt/c/Users/彭宇航/.dotnet/tools:/snap/bin:/home/pengyh/.vscode-server/extensions/ms-python.debugpy-2025.18.0/bundled/scripts/noConfigScripts', 'XDG_RUNTIME_DIR': '/run/user/1000/', 'DISPLAY': ':0', 'VSCODE_DEBUGPY_ADAPTER_ENDPOINTS': '/home/pengyh/.vscode-server/extensions/ms-python.debugpy-2025.18.0/.noConfigDebugAdapterEndpoints/endpoint-8b119c96603a3506.txt', 'LANG': 'C.UTF-8', 'PYTHONSTARTUP': '/home/pengyh/.vscode-server/data/User/workspaceStorage/5974480726cefb12346fe730c9286c7b/ms-python.python/pythonrc.py', 'LS_COLORS': 'rs=0:di=01;34:ln=01;36:mh=00:pi=40;33:so=01;35:do=01;35:bd=40;33;01:cd=40;33;01:or=40;31;01:mi=00:su=37;41:sg=30;43:ca=00:tw=30;42:ow=34;42:st=37;44:ex=01;32:*.tar=01;31:*.tgz=01;31:*.arc=01;31:*.arj=01;31:*.taz=01;31:*.lha=01;31:*.lz4=01;31:*.lzh=01;31:*.lzma=01;31:*.tlz=01;31:*.txz=01;31:*.tzo=01;31:*.t7z=01;31:*.zip=01;31:*.z=01;31:*.dz=01;31:*.gz=01;31:*.lrz=01;31:*.lz=01;31:*.lzo=01;31:*.xz=01;31:*.zst=01;31:*.tzst=01;31:*.bz2=01;31:*.bz=01;31:*.tbz=01;31:*.tbz2=01;31:*.tz=01;31:*.deb=01;31:*.rpm=01;31:*.jar=01;31:*.war=01;31:*.ear=01;31:*.sar=01;31:*.rar=01;31:*.alz=01;31:*.ace=01;31:*.zoo=01;31:*.cpio=01;31:*.7z=01;31:*.rz=01;31:*.cab=01;31:*.wim=01;31:*.swm=01;31:*.dwm=01;31:*.esd=01;31:*.avif=01;35:*.jpg=01;35:*.jpeg=01;35:*.mjpg=01;35:*.mjpeg=01;35:*.gif=01;35:*.bmp=01;35:*.pbm=01;35:*.pgm=01;35:*.ppm=01;35:*.tga=01;35:*.xbm=01;35:*.xpm=01;35:*.tif=01;35:*.tiff=01;35:*.png=01;35:*.svg=01;35:*.svgz=01;35:*.mng=01;35:*.pcx=01;35:*.mov=01;35:*.mpg=01;35:*.mpeg=01;35:*.m2v=01;35:*.mkv=01;35:*.webm=01;35:*.webp=01;35:*.ogm=01;35:*.mp4=01;35:*.m4v=01;35:*.mp4v=01;35:*.vob=01;35:*.qt=01;35:*.nuv=01;35:*.wmv=01;35:*.asf=01;35:*.rm=01;35:*.rmvb=01;35:*.flc=01;35:*.avi=01;35:*.fli=01;35:*.flv=01;35:*.gl=01;35:*.dl=01;35:*.xcf=01;35:*.xwd=01;35:*.yuv=01;35:*.cgm=01;35:*.emf=01;35:*.ogv=01;35:*.ogx=01;35:*.aac=00;36:*.au=00;36:*.flac=00;36:*.m4a=00;36:*.mid=00;36:*.midi=00;36:*.mka=00;36:*.mp3=00;36:*.mpc=00;36:*.ogg=00;36:*.ra=00;36:*.wav=00;36:*.oga=00;36:*.opus=00;36:*.spx=00;36:*.xspf=00;36:*~=00;90:*#=00;90:*.bak=00;90:*.crdownload=00;90:*.dpkg-dist=00;90:*.dpkg-new=00;90:*.dpkg-old=00;90:*.dpkg-tmp=00;90:*.old=00;90:*.orig=00;90:*.part=00;90:*.rej=00;90:*.rpmnew=00;90:*.rpmorig=00;90:*.rpmsave=00;90:*.swp=00;90:*.tmp=00;90:*.ucf-dist=00;90:*.ucf-new=00;90:*.ucf-old=00;90:', 'VSCODE_GIT_IPC_HANDLE': '/run/user/1000/vscode-git-7ec00a5a3c.sock', 'TERM_PROGRAM': 'vscode', 'hostip': '192.168.31.44', 'AMENT_PREFIX_PATH': '/opt/ros/jazzy', 'CONDA_PYTHON_EXE': '/home/pengyh/softwares/anaconda3/bin/python', 'SHELL': '/bin/bash', 'LESSCLOSE': '/usr/bin/lesspipe %s %s', 'ROS_AUTOMATIC_DISCOVERY_RANGE': 'SUBNET', 'VSCODE_GIT_ASKPASS_EXTRA_ARGS': '', 'PWD': '/home/pengyh/workspace/FreeAskAgent/closed_loop/ros2/build/vln_connector', 'CONDA_EXE': '/home/pengyh/softwares/anaconda3/bin/conda', 'XDG_DATA_DIRS': '/usr/local/share:/usr/share:/var/lib/snapd/desktop', 'PYTHONPATH': '/home/pengyh/workspace/FreeAskAgent/closed_loop/ros2/build/vln_connector/prefix_override:/usr/lib/python3/dist-packages/colcon_core/task/python/colcon_distutils_commands:/home/pengyh/workspace/FreeAskAgent/closed_loop/ros2/install/vln_connector/lib/python3.12/site-packages:/home/pengyh/workspace/FreeAskAgent/closed_loop/ros2/install/simulator_messages/lib/python3.12/site-packages:/opt/ros/jazzy/lib/python3.12/site-packages', 'COLCON': '1', 'WSL2_GUI_APPS_ENABLED': '1', 'HOSTTYPE': 'x86_64', 'CMAKE_PREFIX_PATH': '/home/pengyh/workspace/FreeAskAgent/closed_loop/ros2/install/simulator_messages:/opt/ros/jazzy/opt/gz_sim_vendor:/opt/ros/jazzy/opt/gz_sensors_vendor:/opt/ros/jazzy/opt/gz_physics_vendor:/opt/ros/jazzy/opt/sdformat_vendor:/opt/ros/jazzy/opt/gz_gui_vendor:/opt/ros/jazzy/opt/gz_transport_vendor:/opt/ros/jazzy/opt/gz_rendering_vendor:/opt/ros/jazzy/opt/gz_plugin_vendor:/opt/ros/jazzy/opt/gz_fuel_tools_vendor:/opt/ros/jazzy/opt/gz_msgs_vendor:/opt/ros/jazzy/opt/gz_common_vendor:/opt/ros/jazzy/opt/gz_math_vendor:/opt/ros/jazzy/opt/gz_utils_vendor:/opt/ros/jazzy/opt/gz_tools_vendor:/opt/ros/jazzy/opt/gz_ogre_next_vendor:/opt/ros/jazzy/opt/gz_dartsim_vendor:/opt/ros/jazzy/opt/gz_cmake_vendor', 'WSLENV': 'VSCODE_WSL_EXT_LOCATION/up'}, 'shell': False}
[7.129010] (-) TimerEvent: {}
[7.196664] (vln_connector) StdoutLine: {'line': b'running egg_info\n'}
[7.196878] (vln_connector) StdoutLine: {'line': b'creating ../../build/vln_connector/vln_connector.egg-info\n'}
[7.205285] (vln_connector) StdoutLine: {'line': b'writing ../../build/vln_connector/vln_connector.egg-info/PKG-INFO\n'}
[7.205542] (vln_connector) StdoutLine: {'line': b'writing dependency_links to ../../build/vln_connector/vln_connector.egg-info/dependency_links.txt\n'}
[7.205993] (vln_connector) StdoutLine: {'line': b'writing entry points to ../../build/vln_connector/vln_connector.egg-info/entry_points.txt\n'}
[7.206112] (vln_connector) StdoutLine: {'line': b'writing requirements to ../../build/vln_connector/vln_connector.egg-info/requires.txt\n'}
[7.206234] (vln_connector) StdoutLine: {'line': b'writing top-level names to ../../build/vln_connector/vln_connector.egg-info/top_level.txt\n'}
[7.206320] (vln_connector) StdoutLine: {'line': b"writing manifest file '../../build/vln_connector/vln_connector.egg-info/SOURCES.txt'\n"}
[7.224109] (vln_connector) StdoutLine: {'line': b"reading manifest file '../../build/vln_connector/vln_connector.egg-info/SOURCES.txt'\n"}
[7.224436] (vln_connector) StdoutLine: {'line': b"writing manifest file '../../build/vln_connector/vln_connector.egg-info/SOURCES.txt'\n"}
[7.224547] (vln_connector) StdoutLine: {'line': b'running build\n'}
[7.224585] (vln_connector) StdoutLine: {'line': b'running build_py\n'}
[7.224666] (vln_connector) StdoutLine: {'line': b'creating /home/pengyh/workspace/FreeAskAgent/closed_loop/ros2/build/vln_connector/build\n'}
[7.224857] (vln_connector) StdoutLine: {'line': b'creating /home/pengyh/workspace/FreeAskAgent/closed_loop/ros2/build/vln_connector/build/lib\n'}
[7.225035] (vln_connector) StdoutLine: {'line': b'creating /home/pengyh/workspace/FreeAskAgent/closed_loop/ros2/build/vln_connector/build/lib/vln_connector\n'}
[7.225190] (vln_connector) StdoutLine: {'line': b'copying vln_connector/simple_baseline.py -> /home/pengyh/workspace/FreeAskAgent/closed_loop/ros2/build/vln_connector/build/lib/vln_connector\n'}
[7.225448] (vln_connector) StdoutLine: {'line': b'copying vln_connector/__init__.py -> /home/pengyh/workspace/FreeAskAgent/closed_loop/ros2/build/vln_connector/build/lib/vln_connector\n'}
[7.225530] (vln_connector) StdoutLine: {'line': b'copying vln_connector/vln_connector.py -> /home/pengyh/workspace/FreeAskAgent/closed_loop/ros2/build/vln_connector/build/lib/vln_connector\n'}
[7.225751] (vln_connector) StdoutLine: {'line': b'copying vln_connector/agent_baseline.py -> /home/pengyh/workspace/FreeAskAgent/closed_loop/ros2/build/vln_connector/build/lib/vln_connector\n'}
[7.226247] (vln_connector) StdoutLine: {'line': b'copying vln_connector/agent_costmap.py -> /home/pengyh/workspace/FreeAskAgent/closed_loop/ros2/build/vln_connector/build/lib/vln_connector\n'}
[7.226517] (vln_connector) StdoutLine: {'line': b'copying vln_connector/events.py -> /home/pengyh/workspace/FreeAskAgent/closed_loop/ros2/build/vln_connector/build/lib/vln_connector\n'}
[7.226983] (vln_connector) StdoutLine: {'line': b'running install\n'}
[7.229208] (-) TimerEvent: {}
[7.230072] (vln_connector) StdoutLine: {'line': b'running install_lib\n'}
[7.239716] (vln_connector) StdoutLine: {'line': b'creating /home/pengyh/workspace/FreeAskAgent/closed_loop/ros2/install/vln_connector/lib/python3.12/site-packages/vln_connector\n'}
[7.240068] (vln_connector) StdoutLine: {'line': b'copying /home/pengyh/workspace/FreeAskAgent/closed_loop/ros2/build/vln_connector/build/lib/vln_connector/simple_baseline.py -> /home/pengyh/workspace/FreeAskAgent/closed_loop/ros2/install/vln_connector/lib/python3.12/site-packages/vln_connector\n'}
[7.240355] (vln_connector) StdoutLine: {'line': b'copying /home/pengyh/workspace/FreeAskAgent/closed_loop/ros2/build/vln_connector/build/lib/vln_connector/__init__.py -> /home/pengyh/workspace/FreeAskAgent/closed_loop/ros2/install/vln_connector/lib/python3.12/site-packages/vln_connector\n'}
[7.240475] (vln_connector) StdoutLine: {'line': b'copying /home/pengyh/workspace/FreeAskAgent/closed_loop/ros2/build/vln_connector/build/lib/vln_connector/vln_connector.py -> /home/pengyh/workspace/FreeAskAgent/closed_loop/ros2/install/vln_connector/lib/python3.12/site-packages/vln_connector\n'}
[7.240650] (vln_connector) StdoutLine: {'line': b'copying /home/pengyh/workspace/FreeAskAgent/closed_loop/ros2/build/vln_connector/build/lib/vln_connector/agent_baseline.py -> /home/pengyh/workspace/FreeAskAgent/closed_loop/ros2/install/vln_connector/lib/python3.12/site-packages/vln_connector\n'}
[7.240755] (vln_connector) StdoutLine: {'line': b'copying /home/pengyh/workspace/FreeAskAgent/closed_loop/ros2/build/vln_connector/build/lib/vln_connector/agent_costmap.py -> /home/pengyh/workspace/FreeAskAgent/closed_loop/ros2/install/vln_connector/lib/python3.12/site-packages/vln_connector\n'}
[7.240985] (vln_connector) StdoutLine: {'line': b'copying /home/pengyh/workspace/FreeAskAgent/closed_loop/ros2/build/vln_connector/build/lib/vln_connector/events.py -> /home/pengyh/workspace/FreeAskAgent/closed_loop/ros2/install/vln_connector/lib/python3.12/site-packages/vln_connector\n'}
[7.241412] (vln_connector) StdoutLine: {'line': b'byte-compiling /home/pengyh/workspace/FreeAskAgent/closed_loop/ros2/install/vln_connector/lib/python3.12/site-packages/vln_connector/simple_baseline.py to simple_baseline.cpython-312.pyc\n'}
[7.242181] (vln_connector) StdoutLine: {'line': b'byte-compiling /home/pengyh/workspace/FreeAskAgent/closed_loop/ros2/install/vln_connector/lib/python3.12/site-packages/vln_connector/__init__.py to __init__.cpython-312.pyc\n'}
[7.242277] (vln_connector) StdoutLine: {'line': b'byte-compiling /home/pengyh/workspace/FreeAskAgent/closed_loop/ros2/install/vln_connector/lib/python3.12/site-packages/vln_connector/vln_connector.py to vln_connector.cpython-312.pyc\n'}
[7.242985] (vln_connector) StdoutLine: {'line': b'byte-compiling /home/pengyh/workspace/FreeAskAgent/closed_loop/ros2/install/vln_connector/lib/python3.12/site-packages/vln_connector/agent_baseline.py to agent_baseline.cpython-312.pyc\n'}
[7.244236] (vln_connector) StdoutLine: {'line': b'byte-compiling /home/pengyh/workspace/FreeAskAgent/closed_loop/ros2/install/vln_connector/lib/python3.12/site-packages/vln_connector/agent_costmap.py to agent_costmap.cpython-312.pyc\n'}
[7.244976] (vln_connector) StdoutLine: {'line': b'byte-compiling /home/pengyh/workspace/FreeAskAgent/closed_loop/ros2/install/vln_connector/lib/python3.12/site-packages/vln_connector/events.py to events.cpython-312.pyc\n'}
[7.245410] (vln_connector) StdoutLine: {'line': b'running install_egg_info\n'}
[7.255824] (vln_connector) StdoutLine: {'line': b'Copying ../../build/vln_connector/vln_connector.egg-info to /home/pengyh/workspace/FreeAskAgent/closed_loop/ros2/install/vln_connector/lib/python3.12/site-packages/vln_connector-0.0.1-py3.12.egg-info\n'}
[7.256657] (vln_connector) StdoutLine: {'line': b'running install_scripts\n'}
[7.328677] (vln_connector) StdoutLine: {'line': b'Installing agent_baseline script to /home/pengyh/workspace/FreeAskAgent/closed_loop/ros2/install/vln_connector/lib/vln_connector\n'}
[7.329084] (vln_connector) StdoutLine: {'line': b'Installing agent_costmap script to /home/pengyh/workspace/FreeAskAgent/closed_loop/ros2/install/vln_connector/lib/vln_connector\n'}
[7.329261] (vln_connector) StdoutLine: {'line': b'Installing events script to /home/pengyh/workspace/FreeAskAgent/closed_loop/ros2/install/vln_connector/lib/vln_connector\n'}
[7.329353] (-) TimerEvent: {}
[7.329555] (vln_connector) StdoutLine: {'line': b'Installing simple_baseline script to /home/pengyh/workspace/FreeAskAgent/closed_loop/ros2/install/vln_connector/lib/vln_connector\n'}
[7.329953] (vln_connector) StdoutLine: {'line': b'Installing vln_connector script to /home/pengyh/workspace/FreeAskAgent/closed_loop/ros2/install/vln_connector/lib/vln_connector\n'}
[7.330261] (vln_connector) StdoutLine: {'line': b"writing list of installed files to '/home/pengyh/workspace/FreeAskAgent/closed_loop/ros2/build/vln_connector/install.log'\n"}
[7.354778] (vln_connector) CommandEnded: {'returncode': 0}
[7.359877] (vln_connector) JobEnded: {'identifier': 'vln_connector', 'rc': 0}
[7.360329] (-) EventReactorShutdown: {}
