[0.000000] (-) TimerEvent: {}
[0.000174] (ros_tcp_endpoint) JobQueued: {'identifier': 'ros_tcp_endpoint', 'dependencies': OrderedDict()}
[0.000197] (simulator_messages) JobQueued: {'identifier': 'simulator_messages', 'dependencies': OrderedDict()}
[0.000207] (vln_connector) JobQueued: {'identifier': 'vln_connector', 'dependencies': OrderedDict({'simulator_messages': '/home/pengyh/workspace/FreeAskAgent/closed_loop/ros2/install/simulator_messages'})}
[0.000218] (simulator_messages) JobStarted: {'identifier': 'simulator_messages'}
[0.003228] (ros_tcp_endpoint) JobStarted: {'identifier': 'ros_tcp_endpoint'}
[0.008508] (simulator_messages) JobProgress: {'identifier': 'simulator_messages', 'progress': 'cmake'}
[0.010141] (simulator_messages) Command: {'cmd': ['/usr/bin/cmake', '/home/pengyh/workspace/FreeAskAgent/closed_loop/ros2/src/simulator_messages', '-DCATKIN_INSTALL_INTO_PREFIX_ROOT=0', '-DCMAKE_INSTALL_PREFIX=/home/pengyh/workspace/FreeAskAgent/closed_loop/ros2/install/simulator_messages'], 'cwd': '/home/pengyh/workspace/FreeAskAgent/closed_loop/ros2/build/simulator_messages', 'env': OrderedDict({'PYTHON_BASIC_REPL': '1', 'LESSOPEN': '| /usr/bin/lesspipe %s', 'no_proxy': 'localhost,127.0.0.1,::1', 'USER': 'pengyh', 'all_proxy': 'http://10.162.144.73:4780', 'GIT_ASKPASS': '/home/pengyh/.vscode-server/bin/994fd12f8d3a5aa16f17d42c041e5809167e845a/extensions/git/dist/askpass.sh', 'SHLVL': '1', 'LD_LIBRARY_PATH': '/opt/ros/jazzy/opt/rviz_ogre_vendor/lib:/opt/ros/jazzy/lib/x86_64-linux-gnu:/opt/ros/jazzy/opt/gz_math_vendor/lib:/opt/ros/jazzy/opt/gz_utils_vendor/lib:/opt/ros/jazzy/opt/gz_cmake_vendor/lib:/opt/ros/jazzy/lib', 'HOME': '/home/pengyh', 'CONDA_SHLVL': '0', 'OLDPWD': '/home/pengyh/workspace/FreeAskAgent', 'TERM_PROGRAM_VERSION': '1.107.1', 'VSCODE_IPC_HOOK_CLI': '/run/user/1000/vscode-ipc-1594d6bc-a091-486b-8a8f-0cd92dfec6da.sock', 'ROS_PYTHON_VERSION': '3', 'VSCODE_GIT_ASKPASS_MAIN': '/home/pengyh/.vscode-server/bin/994fd12f8d3a5aa16f17d42c041e5809167e845a/extensions/git/dist/askpass-main.js', 'VSCODE_GIT_ASKPASS_NODE': '/home/pengyh/.vscode-server/bin/994fd12f8d3a5aa16f17d42c041e5809167e845a/node', 'PYDEVD_DISABLE_FILE_VALIDATION': '1', 'BUNDLED_DEBUGPY_PATH': '/home/pengyh/.vscode-server/extensions/ms-python.debugpy-2025.18.0-linux-x64/bundled/libs/debugpy', 'VSCODE_PYTHON_AUTOACTIVATE_GUARD': '1', 'DBUS_SESSION_BUS_ADDRESS': 'unix:path=/run/user/1000/bus', 'COLORTERM': 'truecolor', '_CE_M': '', 'WSL_DISTRO_NAME': 'Ubuntu-24.04', 'DEBUGINFOD_URLS': 'https://debuginfod.ubuntu.com', 'WAYLAND_DISPLAY': 'wayland-0', 'https_proxy': 'http://10.162.144.73:4780', 'ROS_DISTRO': 'jazzy', 'LOGNAME': 'pengyh', 'NAME': 'Doraemon-Desktop', 'WSL_INTEROP': '/run/WSL/490_interop', 'http_proxy': 'http://10.162.144.73:4780', 'PULSE_SERVER': 'unix:/mnt/wslg/PulseServer', '_': '/usr/bin/colcon', 'ROS_VERSION': '2', 'TERM': 'xterm-256color', '_CE_CONDA': '', 'PATH': '/home/pengyh/.vscode-server/data/User/globalStorage/github.copilot-chat/debugCommand:/home/pengyh/.vscode-server/data/User/globalStorage/github.copilot-chat/copilotCli:/home/pengyh/.vscode-server/bin/994fd12f8d3a5aa16f17d42c041e5809167e845a/bin/remote-cli:/opt/ros/jazzy/bin:/home/pengyh/softwares/anaconda3/condabin:/usr/local/sbin:/usr/local/bin:/usr/sbin:/usr/bin:/sbin:/bin:/usr/games:/usr/local/games:/usr/lib/wsl/lib:/mnt/c/Program Files/NVIDIA GPU Computing Toolkit/CUDA/v12.9/bin:/mnt/c/Program Files/NVIDIA GPU Computing Toolkit/CUDA/v12.9/libnvvp:/mnt/d/Softwares/PlasticSCM/server:/mnt/d/Softwares/PlasticSCM/client:/mnt/c/WINDOWS/system32:/mnt/c/WINDOWS:/mnt/c/WINDOWS/System32/Wbem:/mnt/c/WINDOWS/System32/WindowsPowerShell/v1.0/:/mnt/c/WINDOWS/System32/OpenSSH/:/mnt/c/Program Files/NVIDIA Corporation/NVIDIA App/NvDLISR:/mnt/c/Program Files (x86)/NVIDIA Corporation/PhysX/Common:/mnt/c/Program Files/dotnet/:/mnt/d/Softwares/Git/Git/cmd:/mnt/c/Program Files/NVIDIA Corporation/Nsight Compute 2022.1.0/:/mnt/c/Program Files/Docker/Docker/resources/bin:/mnt/c/Program Files (x86)/Windows Kits/10/Windows Performance Toolkit/:/mnt/c/Users/彭宇航/AppData/Local/Microsoft/WindowsApps:/mnt/d/Softwares/VSCode/Microsoft VS Code/bin:/mnt/d/Tools/Anaconda:/mnt/d/Tools/Anaconda/Scripts:/mnt/d/Tools/Anaconda/Library/bin:/mnt/c/Users/彭宇航/.dotnet/tools:/snap/bin:/home/pengyh/.vscode-server/extensions/ms-python.debugpy-2025.18.0-linux-x64/bundled/scripts/noConfigScripts', 'XDG_RUNTIME_DIR': '/run/user/1000/', 'DISPLAY': ':0', 'VSCODE_DEBUGPY_ADAPTER_ENDPOINTS': '/home/pengyh/.vscode-server/extensions/ms-python.debugpy-2025.18.0-linux-x64/.noConfigDebugAdapterEndpoints/endpoint-8b119c96603a3506.txt', 'LANG': 'C.UTF-8', 'PYTHONSTARTUP': '/home/pengyh/.vscode-server/data/User/workspaceStorage/5974480726cefb12346fe730c9286c7b/ms-python.python/pythonrc.py', 'LS_COLORS': 'rs=0:di=01;34:ln=01;36:mh=00:pi=40;33:so=01;35:do=01;35:bd=40;33;01:cd=40;33;01:or=40;31;01:mi=00:su=37;41:sg=30;43:ca=00:tw=30;42:ow=34;42:st=37;44:ex=01;32:*.tar=01;31:*.tgz=01;31:*.arc=01;31:*.arj=01;31:*.taz=01;31:*.lha=01;31:*.lz4=01;31:*.lzh=01;31:*.lzma=01;31:*.tlz=01;31:*.txz=01;31:*.tzo=01;31:*.t7z=01;31:*.zip=01;31:*.z=01;31:*.dz=01;31:*.gz=01;31:*.lrz=01;31:*.lz=01;31:*.lzo=01;31:*.xz=01;31:*.zst=01;31:*.tzst=01;31:*.bz2=01;31:*.bz=01;31:*.tbz=01;31:*.tbz2=01;31:*.tz=01;31:*.deb=01;31:*.rpm=01;31:*.jar=01;31:*.war=01;31:*.ear=01;31:*.sar=01;31:*.rar=01;31:*.alz=01;31:*.ace=01;31:*.zoo=01;31:*.cpio=01;31:*.7z=01;31:*.rz=01;31:*.cab=01;31:*.wim=01;31:*.swm=01;31:*.dwm=01;31:*.esd=01;31:*.avif=01;35:*.jpg=01;35:*.jpeg=01;35:*.mjpg=01;35:*.mjpeg=01;35:*.gif=01;35:*.bmp=01;35:*.pbm=01;35:*.pgm=01;35:*.ppm=01;35:*.tga=01;35:*.xbm=01;35:*.xpm=01;35:*.tif=01;35:*.tiff=01;35:*.png=01;35:*.svg=01;35:*.svgz=01;35:*.mng=01;35:*.pcx=01;35:*.mov=01;35:*.mpg=01;35:*.mpeg=01;35:*.m2v=01;35:*.mkv=01;35:*.webm=01;35:*.webp=01;35:*.ogm=01;35:*.mp4=01;35:*.m4v=01;35:*.mp4v=01;35:*.vob=01;35:*.qt=01;35:*.nuv=01;35:*.wmv=01;35:*.asf=01;35:*.rm=01;35:*.rmvb=01;35:*.flc=01;35:*.avi=01;35:*.fli=01;35:*.flv=01;35:*.gl=01;35:*.dl=01;35:*.xcf=01;35:*.xwd=01;35:*.yuv=01;35:*.cgm=01;35:*.emf=01;35:*.ogv=01;35:*.ogx=01;35:*.aac=00;36:*.au=00;36:*.flac=00;36:*.m4a=00;36:*.mid=00;36:*.midi=00;36:*.mka=00;36:*.mp3=00;36:*.mpc=00;36:*.ogg=00;36:*.ra=00;36:*.wav=00;36:*.oga=00;36:*.opus=00;36:*.spx=00;36:*.xspf=00;36:*~=00;90:*#=00;90:*.bak=00;90:*.crdownload=00;90:*.dpkg-dist=00;90:*.dpkg-new=00;90:*.dpkg-old=00;90:*.dpkg-tmp=00;90:*.old=00;90:*.orig=00;90:*.part=00;90:*.rej=00;90:*.rpmnew=00;90:*.rpmorig=00;90:*.rpmsave=00;90:*.swp=00;90:*.tmp=00;90:*.ucf-dist=00;90:*.ucf-new=00;90:*.ucf-old=00;90:', 'VSCODE_GIT_IPC_HANDLE': '/run/user/1000/vscode-git-7ec00a5a3c.sock', 'TERM_PROGRAM': 'vscode', 'hostip': '10.162.144.73', 'AMENT_PREFIX_PATH': '/opt/ros/jazzy', 'CONDA_PYTHON_EXE': '/home/pengyh/softwares/anaconda3/bin/python', 'SHELL': '/bin/bash', 'LESSCLOSE': '/usr/bin/lesspipe %s %s', 'ROS_AUTOMATIC_DISCOVERY_RANGE': 'SUBNET', 'VSCODE_GIT_ASKPASS_EXTRA_ARGS': '', 'PWD': '/home/pengyh/workspace/FreeAskAgent/closed_loop/ros2/build/simulator_messages', 'CONDA_EXE': '/home/pengyh/softwares/anaconda3/bin/conda', 'XDG_DATA_DIRS': '/usr/local/share:/usr/share:/var/lib/snapd/desktop', 'PYTHONPATH': '/opt/ros/jazzy/lib/python3.12/site-packages', 'COLCON': '1', 'WSL2_GUI_APPS_ENABLED': '1', 'HOSTTYPE': 'x86_64', 'CMAKE_PREFIX_PATH': '/opt/ros/jazzy/opt/gz_math_vendor:/opt/ros/jazzy/opt/gz_utils_vendor:/opt/ros/jazzy/opt/gz_cmake_vendor', 'WSLENV': 'VSCODE_WSL_EXT_LOCATION/up'}), 'shell': False}
[0.099424] (-) TimerEvent: {}
[0.199710] (-) TimerEvent: {}
[0.295807] (simulator_messages) StdoutLine: {'line': b'-- The C compiler identification is GNU 13.3.0\n'}
[0.299780] (-) TimerEvent: {}
[0.400014] (-) TimerEvent: {}
[0.500260] (-) TimerEvent: {}
[0.532961] (ros_tcp_endpoint) Command: {'cmd': ['/usr/bin/python3', '-W', 'ignore:setup.py install is deprecated', '-W', 'ignore:easy_install command is deprecated', 'setup.py', 'egg_info', '--egg-base', '../../build/ros_tcp_endpoint', 'build', '--build-base', '/home/pengyh/workspace/FreeAskAgent/closed_loop/ros2/build/ros_tcp_endpoint/build', 'install', '--record', '/home/pengyh/workspace/FreeAskAgent/closed_loop/ros2/build/ros_tcp_endpoint/install.log', '--install-scripts', '$base/lib/ros_tcp_endpoint', '--single-version-externally-managed', 'install_data'], 'cwd': '/home/pengyh/workspace/FreeAskAgent/closed_loop/ros2/src/ROS-TCP-Endpoint', 'env': {'PYTHON_BASIC_REPL': '1', 'LESSOPEN': '| /usr/bin/lesspipe %s', 'no_proxy': 'localhost,127.0.0.1,::1', 'USER': 'pengyh', 'all_proxy': 'http://10.162.144.73:4780', 'GIT_ASKPASS': '/home/pengyh/.vscode-server/bin/994fd12f8d3a5aa16f17d42c041e5809167e845a/extensions/git/dist/askpass.sh', 'SHLVL': '1', 'LD_LIBRARY_PATH': '/opt/ros/jazzy/opt/rviz_ogre_vendor/lib:/opt/ros/jazzy/lib/x86_64-linux-gnu:/opt/ros/jazzy/opt/gz_math_vendor/lib:/opt/ros/jazzy/opt/gz_utils_vendor/lib:/opt/ros/jazzy/opt/gz_cmake_vendor/lib:/opt/ros/jazzy/lib', 'HOME': '/home/pengyh', 'CONDA_SHLVL': '0', 'OLDPWD': '/home/pengyh/workspace/FreeAskAgent', 'TERM_PROGRAM_VERSION': '1.107.1', 'VSCODE_IPC_HOOK_CLI': '/run/user/1000/vscode-ipc-1594d6bc-a091-486b-8a8f-0cd92dfec6da.sock', 'ROS_PYTHON_VERSION': '3', 'VSCODE_GIT_ASKPASS_MAIN': '/home/pengyh/.vscode-server/bin/994fd12f8d3a5aa16f17d42c041e5809167e845a/extensions/git/dist/askpass-main.js', 'VSCODE_GIT_ASKPASS_NODE': '/home/pengyh/.vscode-server/bin/994fd12f8d3a5aa16f17d42c041e5809167e845a/node', 'PYDEVD_DISABLE_FILE_VALIDATION': '1', 'BUNDLED_DEBUGPY_PATH': '/home/pengyh/.vscode-server/extensions/ms-python.debugpy-2025.18.0-linux-x64/bundled/libs/debugpy', 'VSCODE_PYTHON_AUTOACTIVATE_GUARD': '1', 'DBUS_SESSION_BUS_ADDRESS': 'unix:path=/run/user/1000/bus', 'COLORTERM': 'truecolor', '_CE_M': '', 'WSL_DISTRO_NAME': 'Ubuntu-24.04', 'DEBUGINFOD_URLS': 'https://debuginfod.ubuntu.com', 'WAYLAND_DISPLAY': 'wayland-0', 'https_proxy': 'http://10.162.144.73:4780', 'ROS_DISTRO': 'jazzy', 'LOGNAME': 'pengyh', 'NAME': 'Doraemon-Desktop', 'WSL_INTEROP': '/run/WSL/490_interop', 'http_proxy': 'http://10.162.144.73:4780', 'PULSE_SERVER': 'unix:/mnt/wslg/PulseServer', '_': '/usr/bin/colcon', 'ROS_VERSION': '2', 'TERM': 'xterm-256color', '_CE_CONDA': '', 'PATH': '/home/pengyh/.vscode-server/data/User/globalStorage/github.copilot-chat/debugCommand:/home/pengyh/.vscode-server/data/User/globalStorage/github.copilot-chat/copilotCli:/home/pengyh/.vscode-server/bin/994fd12f8d3a5aa16f17d42c041e5809167e845a/bin/remote-cli:/opt/ros/jazzy/bin:/home/pengyh/softwares/anaconda3/condabin:/usr/local/sbin:/usr/local/bin:/usr/sbin:/usr/bin:/sbin:/bin:/usr/games:/usr/local/games:/usr/lib/wsl/lib:/mnt/c/Program Files/NVIDIA GPU Computing Toolkit/CUDA/v12.9/bin:/mnt/c/Program Files/NVIDIA GPU Computing Toolkit/CUDA/v12.9/libnvvp:/mnt/d/Softwares/PlasticSCM/server:/mnt/d/Softwares/PlasticSCM/client:/mnt/c/WINDOWS/system32:/mnt/c/WINDOWS:/mnt/c/WINDOWS/System32/Wbem:/mnt/c/WINDOWS/System32/WindowsPowerShell/v1.0/:/mnt/c/WINDOWS/System32/OpenSSH/:/mnt/c/Program Files/NVIDIA Corporation/NVIDIA App/NvDLISR:/mnt/c/Program Files (x86)/NVIDIA Corporation/PhysX/Common:/mnt/c/Program Files/dotnet/:/mnt/d/Softwares/Git/Git/cmd:/mnt/c/Program Files/NVIDIA Corporation/Nsight Compute 2022.1.0/:/mnt/c/Program Files/Docker/Docker/resources/bin:/mnt/c/Program Files (x86)/Windows Kits/10/Windows Performance Toolkit/:/mnt/c/Users/彭宇航/AppData/Local/Microsoft/WindowsApps:/mnt/d/Softwares/VSCode/Microsoft VS Code/bin:/mnt/d/Tools/Anaconda:/mnt/d/Tools/Anaconda/Scripts:/mnt/d/Tools/Anaconda/Library/bin:/mnt/c/Users/彭宇航/.dotnet/tools:/snap/bin:/home/pengyh/.vscode-server/extensions/ms-python.debugpy-2025.18.0-linux-x64/bundled/scripts/noConfigScripts', 'XDG_RUNTIME_DIR': '/run/user/1000/', 'DISPLAY': ':0', 'VSCODE_DEBUGPY_ADAPTER_ENDPOINTS': '/home/pengyh/.vscode-server/extensions/ms-python.debugpy-2025.18.0-linux-x64/.noConfigDebugAdapterEndpoints/endpoint-8b119c96603a3506.txt', 'LANG': 'C.UTF-8', 'PYTHONSTARTUP': '/home/pengyh/.vscode-server/data/User/workspaceStorage/5974480726cefb12346fe730c9286c7b/ms-python.python/pythonrc.py', 'LS_COLORS': 'rs=0:di=01;34:ln=01;36:mh=00:pi=40;33:so=01;35:do=01;35:bd=40;33;01:cd=40;33;01:or=40;31;01:mi=00:su=37;41:sg=30;43:ca=00:tw=30;42:ow=34;42:st=37;44:ex=01;32:*.tar=01;31:*.tgz=01;31:*.arc=01;31:*.arj=01;31:*.taz=01;31:*.lha=01;31:*.lz4=01;31:*.lzh=01;31:*.lzma=01;31:*.tlz=01;31:*.txz=01;31:*.tzo=01;31:*.t7z=01;31:*.zip=01;31:*.z=01;31:*.dz=01;31:*.gz=01;31:*.lrz=01;31:*.lz=01;31:*.lzo=01;31:*.xz=01;31:*.zst=01;31:*.tzst=01;31:*.bz2=01;31:*.bz=01;31:*.tbz=01;31:*.tbz2=01;31:*.tz=01;31:*.deb=01;31:*.rpm=01;31:*.jar=01;31:*.war=01;31:*.ear=01;31:*.sar=01;31:*.rar=01;31:*.alz=01;31:*.ace=01;31:*.zoo=01;31:*.cpio=01;31:*.7z=01;31:*.rz=01;31:*.cab=01;31:*.wim=01;31:*.swm=01;31:*.dwm=01;31:*.esd=01;31:*.avif=01;35:*.jpg=01;35:*.jpeg=01;35:*.mjpg=01;35:*.mjpeg=01;35:*.gif=01;35:*.bmp=01;35:*.pbm=01;35:*.pgm=01;35:*.ppm=01;35:*.tga=01;35:*.xbm=01;35:*.xpm=01;35:*.tif=01;35:*.tiff=01;35:*.png=01;35:*.svg=01;35:*.svgz=01;35:*.mng=01;35:*.pcx=01;35:*.mov=01;35:*.mpg=01;35:*.mpeg=01;35:*.m2v=01;35:*.mkv=01;35:*.webm=01;35:*.webp=01;35:*.ogm=01;35:*.mp4=01;35:*.m4v=01;35:*.mp4v=01;35:*.vob=01;35:*.qt=01;35:*.nuv=01;35:*.wmv=01;35:*.asf=01;35:*.rm=01;35:*.rmvb=01;35:*.flc=01;35:*.avi=01;35:*.fli=01;35:*.flv=01;35:*.gl=01;35:*.dl=01;35:*.xcf=01;35:*.xwd=01;35:*.yuv=01;35:*.cgm=01;35:*.emf=01;35:*.ogv=01;35:*.ogx=01;35:*.aac=00;36:*.au=00;36:*.flac=00;36:*.m4a=00;36:*.mid=00;36:*.midi=00;36:*.mka=00;36:*.mp3=00;36:*.mpc=00;36:*.ogg=00;36:*.ra=00;36:*.wav=00;36:*.oga=00;36:*.opus=00;36:*.spx=00;36:*.xspf=00;36:*~=00;90:*#=00;90:*.bak=00;90:*.crdownload=00;90:*.dpkg-dist=00;90:*.dpkg-new=00;90:*.dpkg-old=00;90:*.dpkg-tmp=00;90:*.old=00;90:*.orig=00;90:*.part=00;90:*.rej=00;90:*.rpmnew=00;90:*.rpmorig=00;90:*.rpmsave=00;90:*.swp=00;90:*.tmp=00;90:*.ucf-dist=00;90:*.ucf-new=00;90:*.ucf-old=00;90:', 'VSCODE_GIT_IPC_HANDLE': '/run/user/1000/vscode-git-7ec00a5a3c.sock', 'TERM_PROGRAM': 'vscode', 'hostip': '10.162.144.73', 'AMENT_PREFIX_PATH': '/opt/ros/jazzy', 'CONDA_PYTHON_EXE': '/home/pengyh/softwares/anaconda3/bin/python', 'SHELL': '/bin/bash', 'LESSCLOSE': '/usr/bin/lesspipe %s %s', 'ROS_AUTOMATIC_DISCOVERY_RANGE': 'SUBNET', 'VSCODE_GIT_ASKPASS_EXTRA_ARGS': '', 'PWD': '/home/pengyh/workspace/FreeAskAgent/closed_loop/ros2/build/ros_tcp_endpoint', 'CONDA_EXE': '/home/pengyh/softwares/anaconda3/bin/conda', 'XDG_DATA_DIRS': '/usr/local/share:/usr/share:/var/lib/snapd/desktop', 'PYTHONPATH': '/home/pengyh/workspace/FreeAskAgent/closed_loop/ros2/build/ros_tcp_endpoint/prefix_override:/usr/lib/python3/dist-packages/colcon_core/task/python/colcon_distutils_commands:/home/pengyh/workspace/FreeAskAgent/closed_loop/ros2/install/ros_tcp_endpoint/lib/python3.12/site-packages:/opt/ros/jazzy/lib/python3.12/site-packages', 'COLCON': '1', 'WSL2_GUI_APPS_ENABLED': '1', 'HOSTTYPE': 'x86_64', 'CMAKE_PREFIX_PATH': '/opt/ros/jazzy/opt/gz_math_vendor:/opt/ros/jazzy/opt/gz_utils_vendor:/opt/ros/jazzy/opt/gz_cmake_vendor', 'WSLENV': 'VSCODE_WSL_EXT_LOCATION/up'}, 'shell': False}
[0.600355] (-) TimerEvent: {}
[0.615288] (ros_tcp_endpoint) StderrLine: {'line': b'/usr/lib/python3/dist-packages/setuptools/dist.py:744: SetuptoolsDeprecationWarning: Invalid dash-separated options\n'}
[0.615445] (ros_tcp_endpoint) StderrLine: {'line': b'!!\n'}
[0.615478] (ros_tcp_endpoint) StderrLine: {'line': b'\n'}
[0.615504] (ros_tcp_endpoint) StderrLine: {'line': b'        ********************************************************************************\n'}
[0.615528] (ros_tcp_endpoint) StderrLine: {'line': b"        Usage of dash-separated 'script-dir' will not be supported in future\n"}
[0.615550] (ros_tcp_endpoint) StderrLine: {'line': b"        versions. Please use the underscore name 'script_dir' instead.\n"}
[0.615574] (ros_tcp_endpoint) StderrLine: {'line': b'\n'}
[0.615622] (ros_tcp_endpoint) StderrLine: {'line': b'        This deprecation is overdue, please update your project and remove deprecated\n'}
[0.615658] (ros_tcp_endpoint) StderrLine: {'line': b'        calls to avoid build errors in the future.\n'}
[0.615684] (ros_tcp_endpoint) StderrLine: {'line': b'\n'}
[0.615705] (ros_tcp_endpoint) StderrLine: {'line': b'        See https://setuptools.pypa.io/en/latest/userguide/declarative_config.html for details.\n'}
[0.615727] (ros_tcp_endpoint) StderrLine: {'line': b'        ********************************************************************************\n'}
[0.615751] (ros_tcp_endpoint) StderrLine: {'line': b'\n'}
[0.615772] (ros_tcp_endpoint) StderrLine: {'line': b'!!\n'}
[0.615793] (ros_tcp_endpoint) StderrLine: {'line': b'  opt = self.warn_dash_deprecation(opt, section)\n'}
[0.692588] (ros_tcp_endpoint) StdoutLine: {'line': b'running egg_info\n'}
[0.692805] (ros_tcp_endpoint) StdoutLine: {'line': b'creating ../../build/ros_tcp_endpoint/ros_tcp_endpoint.egg-info\n'}
[0.700632] (-) TimerEvent: {}
[0.701128] (ros_tcp_endpoint) StdoutLine: {'line': b'writing ../../build/ros_tcp_endpoint/ros_tcp_endpoint.egg-info/PKG-INFO\n'}
[0.701239] (ros_tcp_endpoint) StdoutLine: {'line': b'writing dependency_links to ../../build/ros_tcp_endpoint/ros_tcp_endpoint.egg-info/dependency_links.txt\n'}
[0.701409] (ros_tcp_endpoint) StdoutLine: {'line': b'writing entry points to ../../build/ros_tcp_endpoint/ros_tcp_endpoint.egg-info/entry_points.txt\n'}
[0.701458] (ros_tcp_endpoint) StdoutLine: {'line': b'writing requirements to ../../build/ros_tcp_endpoint/ros_tcp_endpoint.egg-info/requires.txt\n'}
[0.701488] (ros_tcp_endpoint) StdoutLine: {'line': b'writing top-level names to ../../build/ros_tcp_endpoint/ros_tcp_endpoint.egg-info/top_level.txt\n'}
[0.701514] (ros_tcp_endpoint) StdoutLine: {'line': b"writing manifest file '../../build/ros_tcp_endpoint/ros_tcp_endpoint.egg-info/SOURCES.txt'\n"}
[0.720857] (ros_tcp_endpoint) StdoutLine: {'line': b"reading manifest file '../../build/ros_tcp_endpoint/ros_tcp_endpoint.egg-info/SOURCES.txt'\n"}
[0.721103] (ros_tcp_endpoint) StdoutLine: {'line': b"adding license file 'LICENSE'\n"}
[0.721292] (ros_tcp_endpoint) StdoutLine: {'line': b"writing manifest file '../../build/ros_tcp_endpoint/ros_tcp_endpoint.egg-info/SOURCES.txt'\n"}
[0.721419] (ros_tcp_endpoint) StdoutLine: {'line': b'running build\n'}
[0.721482] (ros_tcp_endpoint) StdoutLine: {'line': b'running build_py\n'}
[0.721604] (ros_tcp_endpoint) StdoutLine: {'line': b'creating /home/pengyh/workspace/FreeAskAgent/closed_loop/ros2/build/ros_tcp_endpoint/build\n'}
[0.721731] (ros_tcp_endpoint) StdoutLine: {'line': b'creating /home/pengyh/workspace/FreeAskAgent/closed_loop/ros2/build/ros_tcp_endpoint/build/lib\n'}
[0.721849] (ros_tcp_endpoint) StdoutLine: {'line': b'creating /home/pengyh/workspace/FreeAskAgent/closed_loop/ros2/build/ros_tcp_endpoint/build/lib/ros_tcp_endpoint\n'}
[0.721905] (ros_tcp_endpoint) StdoutLine: {'line': b'copying ros_tcp_endpoint/exceptions.py -> /home/pengyh/workspace/FreeAskAgent/closed_loop/ros2/build/ros_tcp_endpoint/build/lib/ros_tcp_endpoint\n'}
[0.721992] (ros_tcp_endpoint) StdoutLine: {'line': b'copying ros_tcp_endpoint/unity_service.py -> /home/pengyh/workspace/FreeAskAgent/closed_loop/ros2/build/ros_tcp_endpoint/build/lib/ros_tcp_endpoint\n'}
[0.722031] (ros_tcp_endpoint) StdoutLine: {'line': b'copying ros_tcp_endpoint/tcp_sender.py -> /home/pengyh/workspace/FreeAskAgent/closed_loop/ros2/build/ros_tcp_endpoint/build/lib/ros_tcp_endpoint\n'}
[0.722121] (ros_tcp_endpoint) StdoutLine: {'line': b'copying ros_tcp_endpoint/thread_pauser.py -> /home/pengyh/workspace/FreeAskAgent/closed_loop/ros2/build/ros_tcp_endpoint/build/lib/ros_tcp_endpoint\n'}
[0.722480] (ros_tcp_endpoint) StdoutLine: {'line': b'copying ros_tcp_endpoint/service.py -> /home/pengyh/workspace/FreeAskAgent/closed_loop/ros2/build/ros_tcp_endpoint/build/lib/ros_tcp_endpoint\n'}
[0.722698] (ros_tcp_endpoint) StdoutLine: {'line': b'copying ros_tcp_endpoint/publisher.py -> /home/pengyh/workspace/FreeAskAgent/closed_loop/ros2/build/ros_tcp_endpoint/build/lib/ros_tcp_endpoint\n'}
[0.722764] (ros_tcp_endpoint) StdoutLine: {'line': b'copying ros_tcp_endpoint/__init__.py -> /home/pengyh/workspace/FreeAskAgent/closed_loop/ros2/build/ros_tcp_endpoint/build/lib/ros_tcp_endpoint\n'}
[0.722894] (ros_tcp_endpoint) StdoutLine: {'line': b'copying ros_tcp_endpoint/communication.py -> /home/pengyh/workspace/FreeAskAgent/closed_loop/ros2/build/ros_tcp_endpoint/build/lib/ros_tcp_endpoint\n'}
[0.722992] (ros_tcp_endpoint) StdoutLine: {'line': b'copying ros_tcp_endpoint/server.py -> /home/pengyh/workspace/FreeAskAgent/closed_loop/ros2/build/ros_tcp_endpoint/build/lib/ros_tcp_endpoint\n'}
[0.723057] (ros_tcp_endpoint) StdoutLine: {'line': b'copying ros_tcp_endpoint/client.py -> /home/pengyh/workspace/FreeAskAgent/closed_loop/ros2/build/ros_tcp_endpoint/build/lib/ros_tcp_endpoint\n'}
[0.723121] (ros_tcp_endpoint) StdoutLine: {'line': b'copying ros_tcp_endpoint/subscriber.py -> /home/pengyh/workspace/FreeAskAgent/closed_loop/ros2/build/ros_tcp_endpoint/build/lib/ros_tcp_endpoint\n'}
[0.723258] (ros_tcp_endpoint) StdoutLine: {'line': b'copying ros_tcp_endpoint/default_server_endpoint.py -> /home/pengyh/workspace/FreeAskAgent/closed_loop/ros2/build/ros_tcp_endpoint/build/lib/ros_tcp_endpoint\n'}
[0.723321] (ros_tcp_endpoint) StdoutLine: {'line': b'running install\n'}
[0.727103] (ros_tcp_endpoint) StdoutLine: {'line': b'running install_lib\n'}
[0.738636] (ros_tcp_endpoint) StdoutLine: {'line': b'creating /home/pengyh/workspace/FreeAskAgent/closed_loop/ros2/install/ros_tcp_endpoint/lib/python3.12/site-packages/ros_tcp_endpoint\n'}
[0.738833] (ros_tcp_endpoint) StdoutLine: {'line': b'copying /home/pengyh/workspace/FreeAskAgent/closed_loop/ros2/build/ros_tcp_endpoint/build/lib/ros_tcp_endpoint/exceptions.py -> /home/pengyh/workspace/FreeAskAgent/closed_loop/ros2/install/ros_tcp_endpoint/lib/python3.12/site-packages/ros_tcp_endpoint\n'}
[0.738908] (ros_tcp_endpoint) StdoutLine: {'line': b'copying /home/pengyh/workspace/FreeAskAgent/closed_loop/ros2/build/ros_tcp_endpoint/build/lib/ros_tcp_endpoint/unity_service.py -> /home/pengyh/workspace/FreeAskAgent/closed_loop/ros2/install/ros_tcp_endpoint/lib/python3.12/site-packages/ros_tcp_endpoint\n'}
[0.739015] (ros_tcp_endpoint) StdoutLine: {'line': b'copying /home/pengyh/workspace/FreeAskAgent/closed_loop/ros2/build/ros_tcp_endpoint/build/lib/ros_tcp_endpoint/tcp_sender.py -> /home/pengyh/workspace/FreeAskAgent/closed_loop/ros2/install/ros_tcp_endpoint/lib/python3.12/site-packages/ros_tcp_endpoint\n'}
[0.739192] (ros_tcp_endpoint) StdoutLine: {'line': b'copying /home/pengyh/workspace/FreeAskAgent/closed_loop/ros2/build/ros_tcp_endpoint/build/lib/ros_tcp_endpoint/thread_pauser.py -> /home/pengyh/workspace/FreeAskAgent/closed_loop/ros2/install/ros_tcp_endpoint/lib/python3.12/site-packages/ros_tcp_endpoint\n'}
[0.739278] (ros_tcp_endpoint) StdoutLine: {'line': b'copying /home/pengyh/workspace/FreeAskAgent/closed_loop/ros2/build/ros_tcp_endpoint/build/lib/ros_tcp_endpoint/service.py -> /home/pengyh/workspace/FreeAskAgent/closed_loop/ros2/install/ros_tcp_endpoint/lib/python3.12/site-packages/ros_tcp_endpoint\n'}
[0.739337] (ros_tcp_endpoint) StdoutLine: {'line': b'copying /home/pengyh/workspace/FreeAskAgent/closed_loop/ros2/build/ros_tcp_endpoint/build/lib/ros_tcp_endpoint/publisher.py -> /home/pengyh/workspace/FreeAskAgent/closed_loop/ros2/install/ros_tcp_endpoint/lib/python3.12/site-packages/ros_tcp_endpoint\n'}
[0.739370] (ros_tcp_endpoint) StdoutLine: {'line': b'copying /home/pengyh/workspace/FreeAskAgent/closed_loop/ros2/build/ros_tcp_endpoint/build/lib/ros_tcp_endpoint/__init__.py -> /home/pengyh/workspace/FreeAskAgent/closed_loop/ros2/install/ros_tcp_endpoint/lib/python3.12/site-packages/ros_tcp_endpoint\n'}
[0.739398] (ros_tcp_endpoint) StdoutLine: {'line': b'copying /home/pengyh/workspace/FreeAskAgent/closed_loop/ros2/build/ros_tcp_endpoint/build/lib/ros_tcp_endpoint/communication.py -> /home/pengyh/workspace/FreeAskAgent/closed_loop/ros2/install/ros_tcp_endpoint/lib/python3.12/site-packages/ros_tcp_endpoint\n'}
[0.739458] (ros_tcp_endpoint) StdoutLine: {'line': b'copying /home/pengyh/workspace/FreeAskAgent/closed_loop/ros2/build/ros_tcp_endpoint/build/lib/ros_tcp_endpoint/server.py -> /home/pengyh/workspace/FreeAskAgent/closed_loop/ros2/install/ros_tcp_endpoint/lib/python3.12/site-packages/ros_tcp_endpoint\n'}
[0.739489] (ros_tcp_endpoint) StdoutLine: {'line': b'copying /home/pengyh/workspace/FreeAskAgent/closed_loop/ros2/build/ros_tcp_endpoint/build/lib/ros_tcp_endpoint/client.py -> /home/pengyh/workspace/FreeAskAgent/closed_loop/ros2/install/ros_tcp_endpoint/lib/python3.12/site-packages/ros_tcp_endpoint\n'}
[0.739534] (ros_tcp_endpoint) StdoutLine: {'line': b'copying /home/pengyh/workspace/FreeAskAgent/closed_loop/ros2/build/ros_tcp_endpoint/build/lib/ros_tcp_endpoint/subscriber.py -> /home/pengyh/workspace/FreeAskAgent/closed_loop/ros2/install/ros_tcp_endpoint/lib/python3.12/site-packages/ros_tcp_endpoint\n'}
[0.739559] (ros_tcp_endpoint) StdoutLine: {'line': b'copying /home/pengyh/workspace/FreeAskAgent/closed_loop/ros2/build/ros_tcp_endpoint/build/lib/ros_tcp_endpoint/default_server_endpoint.py -> /home/pengyh/workspace/FreeAskAgent/closed_loop/ros2/install/ros_tcp_endpoint/lib/python3.12/site-packages/ros_tcp_endpoint\n'}
[0.739889] (ros_tcp_endpoint) StdoutLine: {'line': b'byte-compiling /home/pengyh/workspace/FreeAskAgent/closed_loop/ros2/install/ros_tcp_endpoint/lib/python3.12/site-packages/ros_tcp_endpoint/exceptions.py to exceptions.cpython-312.pyc\n'}
[0.740235] (ros_tcp_endpoint) StdoutLine: {'line': b'byte-compiling /home/pengyh/workspace/FreeAskAgent/closed_loop/ros2/install/ros_tcp_endpoint/lib/python3.12/site-packages/ros_tcp_endpoint/unity_service.py to unity_service.cpython-312.pyc\n'}
[0.740501] (ros_tcp_endpoint) StdoutLine: {'line': b'byte-compiling /home/pengyh/workspace/FreeAskAgent/closed_loop/ros2/install/ros_tcp_endpoint/lib/python3.12/site-packages/ros_tcp_endpoint/tcp_sender.py to tcp_sender.cpython-312.pyc\n'}
[0.741680] (ros_tcp_endpoint) StdoutLine: {'line': b'byte-compiling /home/pengyh/workspace/FreeAskAgent/closed_loop/ros2/install/ros_tcp_endpoint/lib/python3.12/site-packages/ros_tcp_endpoint/thread_pauser.py to thread_pauser.cpython-312.pyc\n'}
[0.741851] (ros_tcp_endpoint) StdoutLine: {'line': b'byte-compiling /home/pengyh/workspace/FreeAskAgent/closed_loop/ros2/install/ros_tcp_endpoint/lib/python3.12/site-packages/ros_tcp_endpoint/service.py to service.cpython-312.pyc\n'}
[0.742160] (ros_tcp_endpoint) StdoutLine: {'line': b'byte-compiling /home/pengyh/workspace/FreeAskAgent/closed_loop/ros2/install/ros_tcp_endpoint/lib/python3.12/site-packages/ros_tcp_endpoint/publisher.py to publisher.cpython-312.pyc\n'}
[0.742487] (ros_tcp_endpoint) StdoutLine: {'line': b'byte-compiling /home/pengyh/workspace/FreeAskAgent/closed_loop/ros2/install/ros_tcp_endpoint/lib/python3.12/site-packages/ros_tcp_endpoint/__init__.py to __init__.cpython-312.pyc\n'}
[0.742594] (ros_tcp_endpoint) StdoutLine: {'line': b'byte-compiling /home/pengyh/workspace/FreeAskAgent/closed_loop/ros2/install/ros_tcp_endpoint/lib/python3.12/site-packages/ros_tcp_endpoint/communication.py to communication.cpython-312.pyc\n'}
[0.742783] (ros_tcp_endpoint) StdoutLine: {'line': b'byte-compiling /home/pengyh/workspace/FreeAskAgent/closed_loop/ros2/install/ros_tcp_endpoint/lib/python3.12/site-packages/ros_tcp_endpoint/server.py to server.cpython-312.pyc\n'}
[0.744230] (ros_tcp_endpoint) StdoutLine: {'line': b'byte-compiling /home/pengyh/workspace/FreeAskAgent/closed_loop/ros2/install/ros_tcp_endpoint/lib/python3.12/site-packages/ros_tcp_endpoint/client.py to client.cpython-312.pyc\n'}
[0.744884] (ros_tcp_endpoint) StdoutLine: {'line': b'byte-compiling /home/pengyh/workspace/FreeAskAgent/closed_loop/ros2/install/ros_tcp_endpoint/lib/python3.12/site-packages/ros_tcp_endpoint/subscriber.py to subscriber.cpython-312.pyc\n'}
[0.745156] (ros_tcp_endpoint) StdoutLine: {'line': b'byte-compiling /home/pengyh/workspace/FreeAskAgent/closed_loop/ros2/install/ros_tcp_endpoint/lib/python3.12/site-packages/ros_tcp_endpoint/default_server_endpoint.py to default_server_endpoint.cpython-312.pyc\n'}
[0.745322] (ros_tcp_endpoint) StdoutLine: {'line': b'running install_data\n'}
[0.745393] (ros_tcp_endpoint) StdoutLine: {'line': b'creating /home/pengyh/workspace/FreeAskAgent/closed_loop/ros2/install/ros_tcp_endpoint/share/ament_index\n'}
[0.745586] (ros_tcp_endpoint) StdoutLine: {'line': b'creating /home/pengyh/workspace/FreeAskAgent/closed_loop/ros2/install/ros_tcp_endpoint/share/ament_index/resource_index\n'}
[0.745831] (ros_tcp_endpoint) StdoutLine: {'line': b'creating /home/pengyh/workspace/FreeAskAgent/closed_loop/ros2/install/ros_tcp_endpoint/share/ament_index/resource_index/packages\n'}
[0.745915] (ros_tcp_endpoint) StdoutLine: {'line': b'copying resource/ros_tcp_endpoint -> /home/pengyh/workspace/FreeAskAgent/closed_loop/ros2/install/ros_tcp_endpoint/share/ament_index/resource_index/packages\n'}
[0.745991] (ros_tcp_endpoint) StdoutLine: {'line': b'copying package.xml -> /home/pengyh/workspace/FreeAskAgent/closed_loop/ros2/install/ros_tcp_endpoint/share/ros_tcp_endpoint\n'}
[0.746027] (ros_tcp_endpoint) StdoutLine: {'line': b'creating /home/pengyh/workspace/FreeAskAgent/closed_loop/ros2/install/ros_tcp_endpoint/share/ros_tcp_endpoint/launch\n'}
[0.746207] (ros_tcp_endpoint) StdoutLine: {'line': b'copying launch/endpoint.py -> /home/pengyh/workspace/FreeAskAgent/closed_loop/ros2/install/ros_tcp_endpoint/share/ros_tcp_endpoint/launch\n'}
[0.746348] (ros_tcp_endpoint) StdoutLine: {'line': b'running install_egg_info\n'}
[0.756124] (simulator_messages) StdoutLine: {'line': b'-- The CXX compiler identification is GNU 13.3.0\n'}
[0.759272] (ros_tcp_endpoint) StdoutLine: {'line': b'Copying ../../build/ros_tcp_endpoint/ros_tcp_endpoint.egg-info to /home/pengyh/workspace/FreeAskAgent/closed_loop/ros2/install/ros_tcp_endpoint/lib/python3.12/site-packages/ros_tcp_endpoint-0.0.1-py3.12.egg-info\n'}
[0.760010] (ros_tcp_endpoint) StdoutLine: {'line': b'running install_scripts\n'}
[0.800770] (-) TimerEvent: {}
[0.837593] (ros_tcp_endpoint) StdoutLine: {'line': b'Installing default_server_endpoint script to /home/pengyh/workspace/FreeAskAgent/closed_loop/ros2/install/ros_tcp_endpoint/lib/ros_tcp_endpoint\n'}
[0.838347] (ros_tcp_endpoint) StdoutLine: {'line': b"writing list of installed files to '/home/pengyh/workspace/FreeAskAgent/closed_loop/ros2/build/ros_tcp_endpoint/install.log'\n"}
[0.864493] (ros_tcp_endpoint) CommandEnded: {'returncode': 0}
[0.870188] (ros_tcp_endpoint) JobEnded: {'identifier': 'ros_tcp_endpoint', 'rc': 0}
[0.900953] (-) TimerEvent: {}
[1.001264] (-) TimerEvent: {}
[1.101583] (-) TimerEvent: {}
[1.115336] (simulator_messages) StdoutLine: {'line': b'-- Detecting C compiler ABI info\n'}
[1.201689] (-) TimerEvent: {}
[1.274262] (simulator_messages) StdoutLine: {'line': b'-- Detecting C compiler ABI info - done\n'}
[1.278447] (simulator_messages) StdoutLine: {'line': b'-- Check for working C compiler: /usr/bin/cc - skipped\n'}
[1.278836] (simulator_messages) StdoutLine: {'line': b'-- Detecting C compile features\n'}
[1.279246] (simulator_messages) StdoutLine: {'line': b'-- Detecting C compile features - done\n'}
[1.301874] (-) TimerEvent: {}
[1.331815] (simulator_messages) StdoutLine: {'line': b'-- Detecting CXX compiler ABI info\n'}
[1.401968] (-) TimerEvent: {}
[1.489088] (simulator_messages) StdoutLine: {'line': b'-- Detecting CXX compiler ABI info - done\n'}
[1.493980] (simulator_messages) StdoutLine: {'line': b'-- Check for working CXX compiler: /usr/bin/c++ - skipped\n'}
[1.494190] (simulator_messages) StdoutLine: {'line': b'-- Detecting CXX compile features\n'}
[1.494308] (simulator_messages) StdoutLine: {'line': b'-- Detecting CXX compile features - done\n'}
[1.502087] (-) TimerEvent: {}
[1.506938] (simulator_messages) StdoutLine: {'line': b'-- Found ament_cmake: 2.5.4 (/opt/ros/jazzy/share/ament_cmake/cmake)\n'}
[1.602236] (-) TimerEvent: {}
[1.608146] (simulator_messages) StdoutLine: {'line': b'-- Found Python3: /usr/bin/python3 (found version "3.12.3") found components: Interpreter \n'}
[1.702353] (-) TimerEvent: {}
[1.704812] (simulator_messages) StdoutLine: {'line': b'-- Found rosidl_default_generators: 1.6.0 (/opt/ros/jazzy/share/rosidl_default_generators/cmake)\n'}
[1.712268] (simulator_messages) StdoutLine: {'line': b'-- Using all available rosidl_typesupport_c: rosidl_typesupport_fastrtps_c;rosidl_typesupport_introspection_c\n'}
[1.802487] (-) TimerEvent: {}
[1.859267] (simulator_messages) StdoutLine: {'line': b'-- Using all available rosidl_typesupport_cpp: rosidl_typesupport_fastrtps_cpp;rosidl_typesupport_introspection_cpp\n'}
[1.902603] (-) TimerEvent: {}
[1.907815] (simulator_messages) StdoutLine: {'line': b'-- Found rosidl_adapter: 4.6.6 (/opt/ros/jazzy/share/rosidl_adapter/cmake)\n'}
[1.913612] (simulator_messages) StdoutLine: {'line': b'-- Found std_msgs: 5.3.6 (/opt/ros/jazzy/share/std_msgs/cmake)\n'}
[2.002714] (-) TimerEvent: {}
[2.102963] (-) TimerEvent: {}
[2.203175] (-) TimerEvent: {}
[2.303455] (-) TimerEvent: {}
[2.361323] (simulator_messages) StdoutLine: {'line': b'-- Found ament_cmake_ros: 0.12.0 (/opt/ros/jazzy/share/ament_cmake_ros/cmake)\n'}
[2.403576] (-) TimerEvent: {}
[2.503832] (-) TimerEvent: {}
[2.604182] (-) TimerEvent: {}
[2.675859] (simulator_messages) StdoutLine: {'line': b'-- Using all available rosidl_typesupport_c: rosidl_typesupport_fastrtps_c;rosidl_typesupport_introspection_c\n'}
[2.704305] (-) TimerEvent: {}
[2.804630] (-) TimerEvent: {}
[2.904875] (-) TimerEvent: {}
[3.005114] (-) TimerEvent: {}
[3.083675] (simulator_messages) StdoutLine: {'line': b'-- Using all available rosidl_typesupport_cpp: rosidl_typesupport_fastrtps_cpp;rosidl_typesupport_introspection_cpp\n'}
[3.087203] (simulator_messages) StdoutLine: {'line': b'-- Found python_cmake_module: 0.11.1 (/opt/ros/jazzy/share/python_cmake_module/cmake)\n'}
[3.105233] (-) TimerEvent: {}
[3.180540] (simulator_messages) StdoutLine: {'line': b'-- Found PythonExtra: /usr/bin/python3  \n'}
[3.205351] (-) TimerEvent: {}
[3.305634] (-) TimerEvent: {}
[3.405910] (-) TimerEvent: {}
[3.506164] (-) TimerEvent: {}
[3.546121] (simulator_messages) StdoutLine: {'line': b'-- Found Python3: /usr/bin/python3 (found version "3.12.3") found components: Interpreter Development NumPy Development.Module Development.Embed \n'}
[3.584500] (simulator_messages) StdoutLine: {'line': b'-- Configuring done (3.6s)\n'}
[3.606323] (-) TimerEvent: {}
[3.618120] (simulator_messages) StdoutLine: {'line': b'-- Generating done (0.0s)\n'}
[3.619566] (simulator_messages) StderrLine: {'line': b'\x1b[33mCMake Warning:\n'}
[3.619865] (simulator_messages) StderrLine: {'line': b'  Manually-specified variables were not used by the project:\n'}
[3.619932] (simulator_messages) StderrLine: {'line': b'\n'}
[3.619961] (simulator_messages) StderrLine: {'line': b'    CATKIN_INSTALL_INTO_PREFIX_ROOT\n'}
[3.619986] (simulator_messages) StderrLine: {'line': b'\n'}
[3.620011] (simulator_messages) StderrLine: {'line': b'\x1b[0m\n'}
[3.625440] (simulator_messages) StdoutLine: {'line': b'-- Build files have been written to: /home/pengyh/workspace/FreeAskAgent/closed_loop/ros2/build/simulator_messages\n'}
[3.631875] (simulator_messages) CommandEnded: {'returncode': 0}
[3.633016] (simulator_messages) JobProgress: {'identifier': 'simulator_messages', 'progress': 'build'}
[3.633029] (simulator_messages) Command: {'cmd': ['/usr/bin/cmake', '--build', '/home/pengyh/workspace/FreeAskAgent/closed_loop/ros2/build/simulator_messages', '--', '-j20', '-l20'], 'cwd': '/home/pengyh/workspace/FreeAskAgent/closed_loop/ros2/build/simulator_messages', 'env': OrderedDict({'PYTHON_BASIC_REPL': '1', 'LESSOPEN': '| /usr/bin/lesspipe %s', 'no_proxy': 'localhost,127.0.0.1,::1', 'USER': 'pengyh', 'all_proxy': 'http://10.162.144.73:4780', 'GIT_ASKPASS': '/home/pengyh/.vscode-server/bin/994fd12f8d3a5aa16f17d42c041e5809167e845a/extensions/git/dist/askpass.sh', 'SHLVL': '1', 'LD_LIBRARY_PATH': '/opt/ros/jazzy/opt/rviz_ogre_vendor/lib:/opt/ros/jazzy/lib/x86_64-linux-gnu:/opt/ros/jazzy/opt/gz_math_vendor/lib:/opt/ros/jazzy/opt/gz_utils_vendor/lib:/opt/ros/jazzy/opt/gz_cmake_vendor/lib:/opt/ros/jazzy/lib', 'HOME': '/home/pengyh', 'CONDA_SHLVL': '0', 'OLDPWD': '/home/pengyh/workspace/FreeAskAgent', 'TERM_PROGRAM_VERSION': '1.107.1', 'VSCODE_IPC_HOOK_CLI': '/run/user/1000/vscode-ipc-1594d6bc-a091-486b-8a8f-0cd92dfec6da.sock', 'ROS_PYTHON_VERSION': '3', 'VSCODE_GIT_ASKPASS_MAIN': '/home/pengyh/.vscode-server/bin/994fd12f8d3a5aa16f17d42c041e5809167e845a/extensions/git/dist/askpass-main.js', 'VSCODE_GIT_ASKPASS_NODE': '/home/pengyh/.vscode-server/bin/994fd12f8d3a5aa16f17d42c041e5809167e845a/node', 'PYDEVD_DISABLE_FILE_VALIDATION': '1', 'BUNDLED_DEBUGPY_PATH': '/home/pengyh/.vscode-server/extensions/ms-python.debugpy-2025.18.0-linux-x64/bundled/libs/debugpy', 'VSCODE_PYTHON_AUTOACTIVATE_GUARD': '1', 'DBUS_SESSION_BUS_ADDRESS': 'unix:path=/run/user/1000/bus', 'COLORTERM': 'truecolor', '_CE_M': '', 'WSL_DISTRO_NAME': 'Ubuntu-24.04', 'DEBUGINFOD_URLS': 'https://debuginfod.ubuntu.com', 'WAYLAND_DISPLAY': 'wayland-0', 'https_proxy': 'http://10.162.144.73:4780', 'ROS_DISTRO': 'jazzy', 'LOGNAME': 'pengyh', 'NAME': 'Doraemon-Desktop', 'WSL_INTEROP': '/run/WSL/490_interop', 'http_proxy': 'http://10.162.144.73:4780', 'PULSE_SERVER': 'unix:/mnt/wslg/PulseServer', '_': '/usr/bin/colcon', 'ROS_VERSION': '2', 'TERM': 'xterm-256color', '_CE_CONDA': '', 'PATH': '/home/pengyh/.vscode-server/data/User/globalStorage/github.copilot-chat/debugCommand:/home/pengyh/.vscode-server/data/User/globalStorage/github.copilot-chat/copilotCli:/home/pengyh/.vscode-server/bin/994fd12f8d3a5aa16f17d42c041e5809167e845a/bin/remote-cli:/opt/ros/jazzy/bin:/home/pengyh/softwares/anaconda3/condabin:/usr/local/sbin:/usr/local/bin:/usr/sbin:/usr/bin:/sbin:/bin:/usr/games:/usr/local/games:/usr/lib/wsl/lib:/mnt/c/Program Files/NVIDIA GPU Computing Toolkit/CUDA/v12.9/bin:/mnt/c/Program Files/NVIDIA GPU Computing Toolkit/CUDA/v12.9/libnvvp:/mnt/d/Softwares/PlasticSCM/server:/mnt/d/Softwares/PlasticSCM/client:/mnt/c/WINDOWS/system32:/mnt/c/WINDOWS:/mnt/c/WINDOWS/System32/Wbem:/mnt/c/WINDOWS/System32/WindowsPowerShell/v1.0/:/mnt/c/WINDOWS/System32/OpenSSH/:/mnt/c/Program Files/NVIDIA Corporation/NVIDIA App/NvDLISR:/mnt/c/Program Files (x86)/NVIDIA Corporation/PhysX/Common:/mnt/c/Program Files/dotnet/:/mnt/d/Softwares/Git/Git/cmd:/mnt/c/Program Files/NVIDIA Corporation/Nsight Compute 2022.1.0/:/mnt/c/Program Files/Docker/Docker/resources/bin:/mnt/c/Program Files (x86)/Windows Kits/10/Windows Performance Toolkit/:/mnt/c/Users/彭宇航/AppData/Local/Microsoft/WindowsApps:/mnt/d/Softwares/VSCode/Microsoft VS Code/bin:/mnt/d/Tools/Anaconda:/mnt/d/Tools/Anaconda/Scripts:/mnt/d/Tools/Anaconda/Library/bin:/mnt/c/Users/彭宇航/.dotnet/tools:/snap/bin:/home/pengyh/.vscode-server/extensions/ms-python.debugpy-2025.18.0-linux-x64/bundled/scripts/noConfigScripts', 'XDG_RUNTIME_DIR': '/run/user/1000/', 'DISPLAY': ':0', 'VSCODE_DEBUGPY_ADAPTER_ENDPOINTS': '/home/pengyh/.vscode-server/extensions/ms-python.debugpy-2025.18.0-linux-x64/.noConfigDebugAdapterEndpoints/endpoint-8b119c96603a3506.txt', 'LANG': 'C.UTF-8', 'PYTHONSTARTUP': '/home/pengyh/.vscode-server/data/User/workspaceStorage/5974480726cefb12346fe730c9286c7b/ms-python.python/pythonrc.py', 'LS_COLORS': 'rs=0:di=01;34:ln=01;36:mh=00:pi=40;33:so=01;35:do=01;35:bd=40;33;01:cd=40;33;01:or=40;31;01:mi=00:su=37;41:sg=30;43:ca=00:tw=30;42:ow=34;42:st=37;44:ex=01;32:*.tar=01;31:*.tgz=01;31:*.arc=01;31:*.arj=01;31:*.taz=01;31:*.lha=01;31:*.lz4=01;31:*.lzh=01;31:*.lzma=01;31:*.tlz=01;31:*.txz=01;31:*.tzo=01;31:*.t7z=01;31:*.zip=01;31:*.z=01;31:*.dz=01;31:*.gz=01;31:*.lrz=01;31:*.lz=01;31:*.lzo=01;31:*.xz=01;31:*.zst=01;31:*.tzst=01;31:*.bz2=01;31:*.bz=01;31:*.tbz=01;31:*.tbz2=01;31:*.tz=01;31:*.deb=01;31:*.rpm=01;31:*.jar=01;31:*.war=01;31:*.ear=01;31:*.sar=01;31:*.rar=01;31:*.alz=01;31:*.ace=01;31:*.zoo=01;31:*.cpio=01;31:*.7z=01;31:*.rz=01;31:*.cab=01;31:*.wim=01;31:*.swm=01;31:*.dwm=01;31:*.esd=01;31:*.avif=01;35:*.jpg=01;35:*.jpeg=01;35:*.mjpg=01;35:*.mjpeg=01;35:*.gif=01;35:*.bmp=01;35:*.pbm=01;35:*.pgm=01;35:*.ppm=01;35:*.tga=01;35:*.xbm=01;35:*.xpm=01;35:*.tif=01;35:*.tiff=01;35:*.png=01;35:*.svg=01;35:*.svgz=01;35:*.mng=01;35:*.pcx=01;35:*.mov=01;35:*.mpg=01;35:*.mpeg=01;35:*.m2v=01;35:*.mkv=01;35:*.webm=01;35:*.webp=01;35:*.ogm=01;35:*.mp4=01;35:*.m4v=01;35:*.mp4v=01;35:*.vob=01;35:*.qt=01;35:*.nuv=01;35:*.wmv=01;35:*.asf=01;35:*.rm=01;35:*.rmvb=01;35:*.flc=01;35:*.avi=01;35:*.fli=01;35:*.flv=01;35:*.gl=01;35:*.dl=01;35:*.xcf=01;35:*.xwd=01;35:*.yuv=01;35:*.cgm=01;35:*.emf=01;35:*.ogv=01;35:*.ogx=01;35:*.aac=00;36:*.au=00;36:*.flac=00;36:*.m4a=00;36:*.mid=00;36:*.midi=00;36:*.mka=00;36:*.mp3=00;36:*.mpc=00;36:*.ogg=00;36:*.ra=00;36:*.wav=00;36:*.oga=00;36:*.opus=00;36:*.spx=00;36:*.xspf=00;36:*~=00;90:*#=00;90:*.bak=00;90:*.crdownload=00;90:*.dpkg-dist=00;90:*.dpkg-new=00;90:*.dpkg-old=00;90:*.dpkg-tmp=00;90:*.old=00;90:*.orig=00;90:*.part=00;90:*.rej=00;90:*.rpmnew=00;90:*.rpmorig=00;90:*.rpmsave=00;90:*.swp=00;90:*.tmp=00;90:*.ucf-dist=00;90:*.ucf-new=00;90:*.ucf-old=00;90:', 'VSCODE_GIT_IPC_HANDLE': '/run/user/1000/vscode-git-7ec00a5a3c.sock', 'TERM_PROGRAM': 'vscode', 'hostip': '10.162.144.73', 'AMENT_PREFIX_PATH': '/opt/ros/jazzy', 'CONDA_PYTHON_EXE': '/home/pengyh/softwares/anaconda3/bin/python', 'SHELL': '/bin/bash', 'LESSCLOSE': '/usr/bin/lesspipe %s %s', 'ROS_AUTOMATIC_DISCOVERY_RANGE': 'SUBNET', 'VSCODE_GIT_ASKPASS_EXTRA_ARGS': '', 'PWD': '/home/pengyh/workspace/FreeAskAgent/closed_loop/ros2/build/simulator_messages', 'CONDA_EXE': '/home/pengyh/softwares/anaconda3/bin/conda', 'XDG_DATA_DIRS': '/usr/local/share:/usr/share:/var/lib/snapd/desktop', 'PYTHONPATH': '/opt/ros/jazzy/lib/python3.12/site-packages', 'COLCON': '1', 'WSL2_GUI_APPS_ENABLED': '1', 'HOSTTYPE': 'x86_64', 'CMAKE_PREFIX_PATH': '/opt/ros/jazzy/opt/gz_math_vendor:/opt/ros/jazzy/opt/gz_utils_vendor:/opt/ros/jazzy/opt/gz_cmake_vendor', 'WSLENV': 'VSCODE_WSL_EXT_LOCATION/up'}), 'shell': False}
[3.667072] (simulator_messages) StdoutLine: {'line': b'[  2%] \x1b[34m\x1b[1mGenerating type hashes for ROS interfaces\x1b[0m\n'}
[3.672446] (simulator_messages) StdoutLine: {'line': b'[  2%] Built target ament_cmake_python_copy_simulator_messages\n'}
[3.706418] (-) TimerEvent: {}
[3.806698] (-) TimerEvent: {}
[3.809363] (simulator_messages) StdoutLine: {'line': b'[  2%] Built target simulator_messages__rosidl_generator_type_description\n'}
[3.816847] (simulator_messages) StdoutLine: {'line': b'[  5%] \x1b[34m\x1b[1mGenerating C code for ROS interfaces\x1b[0m\n'}
[3.817613] (simulator_messages) StdoutLine: {'line': b'running egg_info\n'}
[3.818333] (simulator_messages) StdoutLine: {'line': b'creating simulator_messages.egg-info\n'}
[3.823355] (simulator_messages) StdoutLine: {'line': b'[  8%] \x1b[34m\x1b[1mGenerating C++ code for ROS interfaces\x1b[0m\n'}
[3.831800] (simulator_messages) StdoutLine: {'line': b'writing simulator_messages.egg-info/PKG-INFO\n'}
[3.832042] (simulator_messages) StdoutLine: {'line': b'writing dependency_links to simulator_messages.egg-info/dependency_links.txt\n'}
[3.832266] (simulator_messages) StdoutLine: {'line': b'writing top-level names to simulator_messages.egg-info/top_level.txt\n'}
[3.832421] (simulator_messages) StdoutLine: {'line': b"writing manifest file 'simulator_messages.egg-info/SOURCES.txt'\n"}
[3.863345] (simulator_messages) StdoutLine: {'line': b"reading manifest file 'simulator_messages.egg-info/SOURCES.txt'\n"}
[3.863827] (simulator_messages) StdoutLine: {'line': b"writing manifest file 'simulator_messages.egg-info/SOURCES.txt'\n"}
[3.886944] (simulator_messages) StdoutLine: {'line': b'[  8%] Built target ament_cmake_python_build_simulator_messages_egg\n'}
[3.906813] (-) TimerEvent: {}
[3.985635] (simulator_messages) StdoutLine: {'line': b'[  8%] Built target simulator_messages__cpp\n'}
[4.000771] (simulator_messages) StdoutLine: {'line': b'[ 17%] \x1b[32mBuilding C object CMakeFiles/simulator_messages__rosidl_generator_c.dir/rosidl_generator_c/simulator_messages/msg/detail/navigation_command__type_support.c.o\x1b[0m\n'}
[4.000967] (simulator_messages) StdoutLine: {'line': b'[ 17%] \x1b[32mBuilding C object CMakeFiles/simulator_messages__rosidl_generator_c.dir/rosidl_generator_c/simulator_messages/msg/detail/navigation_command__functions.c.o\x1b[0m\n'}
[4.001125] (simulator_messages) StdoutLine: {'line': b'[ 17%] \x1b[32mBuilding C object CMakeFiles/simulator_messages__rosidl_generator_c.dir/rosidl_generator_c/simulator_messages/msg/detail/navigation_command__description.c.o\x1b[0m\n'}
[4.006895] (-) TimerEvent: {}
[4.051559] (simulator_messages) StdoutLine: {'line': b'[ 20%] \x1b[32m\x1b[1mLinking C shared library libsimulator_messages__rosidl_generator_c.so\x1b[0m\n'}
[4.107123] (-) TimerEvent: {}
[4.119745] (simulator_messages) StdoutLine: {'line': b'[ 20%] Built target simulator_messages__rosidl_generator_c\n'}
[4.126133] (simulator_messages) StdoutLine: {'line': b'[ 32%] \x1b[34m\x1b[1mGenerating C++ introspection for ROS interfaces\x1b[0m\n'}
[4.126333] (simulator_messages) StdoutLine: {'line': b'[ 32%] \x1b[34m\x1b[1mGenerating C++ type support for eProsima Fast-RTPS\x1b[0m\n'}
[4.126377] (simulator_messages) StdoutLine: {'line': b'[ 32%] \x1b[34m\x1b[1mGenerating C type support for eProsima Fast-RTPS\x1b[0m\n'}
[4.126411] (simulator_messages) StdoutLine: {'line': b'[ 32%] \x1b[34m\x1b[1mGenerating C++ type support dispatch for ROS interfaces\x1b[0m\n'}
[4.126443] (simulator_messages) StdoutLine: {'line': b'[ 35%] \x1b[34m\x1b[1mGenerating C type support dispatch for ROS interfaces\x1b[0m\n'}
[4.126953] (simulator_messages) StdoutLine: {'line': b'[ 38%] \x1b[34m\x1b[1mGenerating C introspection for ROS interfaces\x1b[0m\n'}
[4.207178] (-) TimerEvent: {}
[4.297322] (simulator_messages) StdoutLine: {'line': b'[ 41%] \x1b[32mBuilding CXX object CMakeFiles/simulator_messages__rosidl_typesupport_cpp.dir/rosidl_typesupport_cpp/simulator_messages/msg/navigation_command__type_support.cpp.o\x1b[0m\n'}
[4.299752] (simulator_messages) StdoutLine: {'line': b'[ 44%] \x1b[32mBuilding CXX object CMakeFiles/simulator_messages__rosidl_typesupport_c.dir/rosidl_typesupport_c/simulator_messages/msg/navigation_command__type_support.cpp.o\x1b[0m\n'}
[4.307246] (-) TimerEvent: {}
[4.308485] (simulator_messages) StdoutLine: {'line': b'[ 47%] \x1b[32mBuilding CXX object CMakeFiles/simulator_messages__rosidl_typesupport_introspection_cpp.dir/rosidl_typesupport_introspection_cpp/simulator_messages/msg/detail/navigation_command__type_support.cpp.o\x1b[0m\n'}
[4.308698] (simulator_messages) StdoutLine: {'line': b'[ 50%] \x1b[32mBuilding C object CMakeFiles/simulator_messages__rosidl_typesupport_introspection_c.dir/rosidl_typesupport_introspection_c/simulator_messages/msg/detail/navigation_command__type_support.c.o\x1b[0m\n'}
[4.316226] (simulator_messages) StdoutLine: {'line': b'[ 52%] \x1b[32mBuilding CXX object CMakeFiles/simulator_messages__rosidl_typesupport_fastrtps_c.dir/rosidl_typesupport_fastrtps_c/simulator_messages/msg/detail/navigation_command__type_support_c.cpp.o\x1b[0m\n'}
[4.332452] (simulator_messages) StdoutLine: {'line': b'[ 55%] \x1b[32mBuilding CXX object CMakeFiles/simulator_messages__rosidl_typesupport_fastrtps_cpp.dir/rosidl_typesupport_fastrtps_cpp/simulator_messages/msg/detail/dds_fastrtps/navigation_command__type_support.cpp.o\x1b[0m\n'}
[4.333045] (simulator_messages) StdoutLine: {'line': b'[ 58%] \x1b[32m\x1b[1mLinking CXX shared library libsimulator_messages__rosidl_typesupport_c.so\x1b[0m\n'}
[4.338787] (simulator_messages) StdoutLine: {'line': b'[ 61%] \x1b[32m\x1b[1mLinking C shared library libsimulator_messages__rosidl_typesupport_introspection_c.so\x1b[0m\n'}
[4.407400] (-) TimerEvent: {}
[4.411620] (simulator_messages) StdoutLine: {'line': b'[ 61%] Built target simulator_messages__rosidl_typesupport_introspection_c\n'}
[4.417777] (simulator_messages) StdoutLine: {'line': b'[ 61%] Built target simulator_messages__rosidl_typesupport_c\n'}
[4.507540] (-) TimerEvent: {}
[4.541627] (simulator_messages) StdoutLine: {'line': b'[ 64%] \x1b[32m\x1b[1mLinking CXX shared library libsimulator_messages__rosidl_typesupport_cpp.so\x1b[0m\n'}
[4.567341] (simulator_messages) StdoutLine: {'line': b'[ 67%] \x1b[32m\x1b[1mLinking CXX shared library libsimulator_messages__rosidl_typesupport_introspection_cpp.so\x1b[0m\n'}
[4.607637] (-) TimerEvent: {}
[4.620039] (simulator_messages) StdoutLine: {'line': b'[ 67%] Built target simulator_messages__rosidl_typesupport_cpp\n'}
[4.650868] (simulator_messages) StdoutLine: {'line': b'[ 70%] \x1b[32m\x1b[1mLinking CXX shared library libsimulator_messages__rosidl_typesupport_fastrtps_c.so\x1b[0m\n'}
[4.669514] (simulator_messages) StdoutLine: {'line': b'[ 70%] Built target simulator_messages__rosidl_typesupport_introspection_cpp\n'}
[4.671369] (simulator_messages) StdoutLine: {'line': b'[ 73%] \x1b[32m\x1b[1mLinking CXX shared library libsimulator_messages__rosidl_typesupport_fastrtps_cpp.so\x1b[0m\n'}
[4.707737] (-) TimerEvent: {}
[4.728714] (simulator_messages) StdoutLine: {'line': b'[ 73%] Built target simulator_messages__rosidl_typesupport_fastrtps_c\n'}
[4.780795] (simulator_messages) StdoutLine: {'line': b'[ 73%] Built target simulator_messages__rosidl_typesupport_fastrtps_cpp\n'}
[4.794315] (simulator_messages) StdoutLine: {'line': b'[ 73%] Built target simulator_messages\n'}
[4.807877] (-) TimerEvent: {}
[4.809051] (simulator_messages) StdoutLine: {'line': b'[ 76%] \x1b[34m\x1b[1mGenerating Python code for ROS interfaces\x1b[0m\n'}
[4.907998] (-) TimerEvent: {}
[5.001304] (simulator_messages) StdoutLine: {'line': b'[ 76%] Built target simulator_messages__py\n'}
[5.008124] (-) TimerEvent: {}
[5.016553] (simulator_messages) StdoutLine: {'line': b'[ 79%] \x1b[32mBuilding C object CMakeFiles/simulator_messages__rosidl_generator_py.dir/rosidl_generator_py/simulator_messages/msg/_navigation_command_s.c.o\x1b[0m\n'}
[5.108226] (-) TimerEvent: {}
[5.133610] (simulator_messages) StdoutLine: {'line': b'[ 82%] \x1b[32m\x1b[1mLinking C shared library libsimulator_messages__rosidl_generator_py.so\x1b[0m\n'}
[5.205899] (simulator_messages) StdoutLine: {'line': b'[ 82%] Built target simulator_messages__rosidl_generator_py\n'}
[5.208305] (-) TimerEvent: {}
[5.217840] (simulator_messages) StdoutLine: {'line': b'[ 91%] \x1b[32mBuilding C object CMakeFiles/simulator_messages_s__rosidl_typesupport_c.dir/rosidl_generator_py/simulator_messages/_simulator_messages_s.ep.rosidl_typesupport_c.c.o\x1b[0m\n'}
[5.217974] (simulator_messages) StdoutLine: {'line': b'[ 91%] \x1b[32mBuilding C object CMakeFiles/simulator_messages_s__rosidl_typesupport_fastrtps_c.dir/rosidl_generator_py/simulator_messages/_simulator_messages_s.ep.rosidl_typesupport_fastrtps_c.c.o\x1b[0m\n'}
[5.218010] (simulator_messages) StdoutLine: {'line': b'[ 91%] \x1b[32mBuilding C object CMakeFiles/simulator_messages_s__rosidl_typesupport_introspection_c.dir/rosidl_generator_py/simulator_messages/_simulator_messages_s.ep.rosidl_typesupport_introspection_c.c.o\x1b[0m\n'}
[5.275464] (simulator_messages) StdoutLine: {'line': b'[ 97%] \x1b[32m\x1b[1mLinking C shared module rosidl_generator_py/simulator_messages/simulator_messages_s__rosidl_typesupport_introspection_c.so\x1b[0m\n'}
[5.275713] (simulator_messages) StdoutLine: {'line': b'[ 97%] \x1b[32m\x1b[1mLinking C shared module rosidl_generator_py/simulator_messages/simulator_messages_s__rosidl_typesupport_c.so\x1b[0m\n'}
[5.276443] (simulator_messages) StdoutLine: {'line': b'[100%] \x1b[32m\x1b[1mLinking C shared module rosidl_generator_py/simulator_messages/simulator_messages_s__rosidl_typesupport_fastrtps_c.so\x1b[0m\n'}
[5.308448] (-) TimerEvent: {}
[5.328092] (simulator_messages) StdoutLine: {'line': b'[100%] Built target simulator_messages_s__rosidl_typesupport_fastrtps_c\n'}
[5.328278] (simulator_messages) StdoutLine: {'line': b'[100%] Built target simulator_messages_s__rosidl_typesupport_introspection_c\n'}
[5.328347] (simulator_messages) StdoutLine: {'line': b'[100%] Built target simulator_messages_s__rosidl_typesupport_c\n'}
[5.336479] (simulator_messages) CommandEnded: {'returncode': 0}
[5.337151] (simulator_messages) JobProgress: {'identifier': 'simulator_messages', 'progress': 'install'}
[5.343458] (simulator_messages) Command: {'cmd': ['/usr/bin/cmake', '--install', '/home/pengyh/workspace/FreeAskAgent/closed_loop/ros2/build/simulator_messages'], 'cwd': '/home/pengyh/workspace/FreeAskAgent/closed_loop/ros2/build/simulator_messages', 'env': OrderedDict({'PYTHON_BASIC_REPL': '1', 'LESSOPEN': '| /usr/bin/lesspipe %s', 'no_proxy': 'localhost,127.0.0.1,::1', 'USER': 'pengyh', 'all_proxy': 'http://10.162.144.73:4780', 'GIT_ASKPASS': '/home/pengyh/.vscode-server/bin/994fd12f8d3a5aa16f17d42c041e5809167e845a/extensions/git/dist/askpass.sh', 'SHLVL': '1', 'LD_LIBRARY_PATH': '/opt/ros/jazzy/opt/rviz_ogre_vendor/lib:/opt/ros/jazzy/lib/x86_64-linux-gnu:/opt/ros/jazzy/opt/gz_math_vendor/lib:/opt/ros/jazzy/opt/gz_utils_vendor/lib:/opt/ros/jazzy/opt/gz_cmake_vendor/lib:/opt/ros/jazzy/lib', 'HOME': '/home/pengyh', 'CONDA_SHLVL': '0', 'OLDPWD': '/home/pengyh/workspace/FreeAskAgent', 'TERM_PROGRAM_VERSION': '1.107.1', 'VSCODE_IPC_HOOK_CLI': '/run/user/1000/vscode-ipc-1594d6bc-a091-486b-8a8f-0cd92dfec6da.sock', 'ROS_PYTHON_VERSION': '3', 'VSCODE_GIT_ASKPASS_MAIN': '/home/pengyh/.vscode-server/bin/994fd12f8d3a5aa16f17d42c041e5809167e845a/extensions/git/dist/askpass-main.js', 'VSCODE_GIT_ASKPASS_NODE': '/home/pengyh/.vscode-server/bin/994fd12f8d3a5aa16f17d42c041e5809167e845a/node', 'PYDEVD_DISABLE_FILE_VALIDATION': '1', 'BUNDLED_DEBUGPY_PATH': '/home/pengyh/.vscode-server/extensions/ms-python.debugpy-2025.18.0-linux-x64/bundled/libs/debugpy', 'VSCODE_PYTHON_AUTOACTIVATE_GUARD': '1', 'DBUS_SESSION_BUS_ADDRESS': 'unix:path=/run/user/1000/bus', 'COLORTERM': 'truecolor', '_CE_M': '', 'WSL_DISTRO_NAME': 'Ubuntu-24.04', 'DEBUGINFOD_URLS': 'https://debuginfod.ubuntu.com', 'WAYLAND_DISPLAY': 'wayland-0', 'https_proxy': 'http://10.162.144.73:4780', 'ROS_DISTRO': 'jazzy', 'LOGNAME': 'pengyh', 'NAME': 'Doraemon-Desktop', 'WSL_INTEROP': '/run/WSL/490_interop', 'http_proxy': 'http://10.162.144.73:4780', 'PULSE_SERVER': 'unix:/mnt/wslg/PulseServer', '_': '/usr/bin/colcon', 'ROS_VERSION': '2', 'TERM': 'xterm-256color', '_CE_CONDA': '', 'PATH': '/home/pengyh/.vscode-server/data/User/globalStorage/github.copilot-chat/debugCommand:/home/pengyh/.vscode-server/data/User/globalStorage/github.copilot-chat/copilotCli:/home/pengyh/.vscode-server/bin/994fd12f8d3a5aa16f17d42c041e5809167e845a/bin/remote-cli:/opt/ros/jazzy/bin:/home/pengyh/softwares/anaconda3/condabin:/usr/local/sbin:/usr/local/bin:/usr/sbin:/usr/bin:/sbin:/bin:/usr/games:/usr/local/games:/usr/lib/wsl/lib:/mnt/c/Program Files/NVIDIA GPU Computing Toolkit/CUDA/v12.9/bin:/mnt/c/Program Files/NVIDIA GPU Computing Toolkit/CUDA/v12.9/libnvvp:/mnt/d/Softwares/PlasticSCM/server:/mnt/d/Softwares/PlasticSCM/client:/mnt/c/WINDOWS/system32:/mnt/c/WINDOWS:/mnt/c/WINDOWS/System32/Wbem:/mnt/c/WINDOWS/System32/WindowsPowerShell/v1.0/:/mnt/c/WINDOWS/System32/OpenSSH/:/mnt/c/Program Files/NVIDIA Corporation/NVIDIA App/NvDLISR:/mnt/c/Program Files (x86)/NVIDIA Corporation/PhysX/Common:/mnt/c/Program Files/dotnet/:/mnt/d/Softwares/Git/Git/cmd:/mnt/c/Program Files/NVIDIA Corporation/Nsight Compute 2022.1.0/:/mnt/c/Program Files/Docker/Docker/resources/bin:/mnt/c/Program Files (x86)/Windows Kits/10/Windows Performance Toolkit/:/mnt/c/Users/彭宇航/AppData/Local/Microsoft/WindowsApps:/mnt/d/Softwares/VSCode/Microsoft VS Code/bin:/mnt/d/Tools/Anaconda:/mnt/d/Tools/Anaconda/Scripts:/mnt/d/Tools/Anaconda/Library/bin:/mnt/c/Users/彭宇航/.dotnet/tools:/snap/bin:/home/pengyh/.vscode-server/extensions/ms-python.debugpy-2025.18.0-linux-x64/bundled/scripts/noConfigScripts', 'XDG_RUNTIME_DIR': '/run/user/1000/', 'DISPLAY': ':0', 'VSCODE_DEBUGPY_ADAPTER_ENDPOINTS': '/home/pengyh/.vscode-server/extensions/ms-python.debugpy-2025.18.0-linux-x64/.noConfigDebugAdapterEndpoints/endpoint-8b119c96603a3506.txt', 'LANG': 'C.UTF-8', 'PYTHONSTARTUP': '/home/pengyh/.vscode-server/data/User/workspaceStorage/5974480726cefb12346fe730c9286c7b/ms-python.python/pythonrc.py', 'LS_COLORS': 'rs=0:di=01;34:ln=01;36:mh=00:pi=40;33:so=01;35:do=01;35:bd=40;33;01:cd=40;33;01:or=40;31;01:mi=00:su=37;41:sg=30;43:ca=00:tw=30;42:ow=34;42:st=37;44:ex=01;32:*.tar=01;31:*.tgz=01;31:*.arc=01;31:*.arj=01;31:*.taz=01;31:*.lha=01;31:*.lz4=01;31:*.lzh=01;31:*.lzma=01;31:*.tlz=01;31:*.txz=01;31:*.tzo=01;31:*.t7z=01;31:*.zip=01;31:*.z=01;31:*.dz=01;31:*.gz=01;31:*.lrz=01;31:*.lz=01;31:*.lzo=01;31:*.xz=01;31:*.zst=01;31:*.tzst=01;31:*.bz2=01;31:*.bz=01;31:*.tbz=01;31:*.tbz2=01;31:*.tz=01;31:*.deb=01;31:*.rpm=01;31:*.jar=01;31:*.war=01;31:*.ear=01;31:*.sar=01;31:*.rar=01;31:*.alz=01;31:*.ace=01;31:*.zoo=01;31:*.cpio=01;31:*.7z=01;31:*.rz=01;31:*.cab=01;31:*.wim=01;31:*.swm=01;31:*.dwm=01;31:*.esd=01;31:*.avif=01;35:*.jpg=01;35:*.jpeg=01;35:*.mjpg=01;35:*.mjpeg=01;35:*.gif=01;35:*.bmp=01;35:*.pbm=01;35:*.pgm=01;35:*.ppm=01;35:*.tga=01;35:*.xbm=01;35:*.xpm=01;35:*.tif=01;35:*.tiff=01;35:*.png=01;35:*.svg=01;35:*.svgz=01;35:*.mng=01;35:*.pcx=01;35:*.mov=01;35:*.mpg=01;35:*.mpeg=01;35:*.m2v=01;35:*.mkv=01;35:*.webm=01;35:*.webp=01;35:*.ogm=01;35:*.mp4=01;35:*.m4v=01;35:*.mp4v=01;35:*.vob=01;35:*.qt=01;35:*.nuv=01;35:*.wmv=01;35:*.asf=01;35:*.rm=01;35:*.rmvb=01;35:*.flc=01;35:*.avi=01;35:*.fli=01;35:*.flv=01;35:*.gl=01;35:*.dl=01;35:*.xcf=01;35:*.xwd=01;35:*.yuv=01;35:*.cgm=01;35:*.emf=01;35:*.ogv=01;35:*.ogx=01;35:*.aac=00;36:*.au=00;36:*.flac=00;36:*.m4a=00;36:*.mid=00;36:*.midi=00;36:*.mka=00;36:*.mp3=00;36:*.mpc=00;36:*.ogg=00;36:*.ra=00;36:*.wav=00;36:*.oga=00;36:*.opus=00;36:*.spx=00;36:*.xspf=00;36:*~=00;90:*#=00;90:*.bak=00;90:*.crdownload=00;90:*.dpkg-dist=00;90:*.dpkg-new=00;90:*.dpkg-old=00;90:*.dpkg-tmp=00;90:*.old=00;90:*.orig=00;90:*.part=00;90:*.rej=00;90:*.rpmnew=00;90:*.rpmorig=00;90:*.rpmsave=00;90:*.swp=00;90:*.tmp=00;90:*.ucf-dist=00;90:*.ucf-new=00;90:*.ucf-old=00;90:', 'VSCODE_GIT_IPC_HANDLE': '/run/user/1000/vscode-git-7ec00a5a3c.sock', 'TERM_PROGRAM': 'vscode', 'hostip': '10.162.144.73', 'AMENT_PREFIX_PATH': '/opt/ros/jazzy', 'CONDA_PYTHON_EXE': '/home/pengyh/softwares/anaconda3/bin/python', 'SHELL': '/bin/bash', 'LESSCLOSE': '/usr/bin/lesspipe %s %s', 'ROS_AUTOMATIC_DISCOVERY_RANGE': 'SUBNET', 'VSCODE_GIT_ASKPASS_EXTRA_ARGS': '', 'PWD': '/home/pengyh/workspace/FreeAskAgent/closed_loop/ros2/build/simulator_messages', 'CONDA_EXE': '/home/pengyh/softwares/anaconda3/bin/conda', 'XDG_DATA_DIRS': '/usr/local/share:/usr/share:/var/lib/snapd/desktop', 'PYTHONPATH': '/opt/ros/jazzy/lib/python3.12/site-packages', 'COLCON': '1', 'WSL2_GUI_APPS_ENABLED': '1', 'HOSTTYPE': 'x86_64', 'CMAKE_PREFIX_PATH': '/opt/ros/jazzy/opt/gz_math_vendor:/opt/ros/jazzy/opt/gz_utils_vendor:/opt/ros/jazzy/opt/gz_cmake_vendor', 'WSLENV': 'VSCODE_WSL_EXT_LOCATION/up'}), 'shell': False}
[5.348818] (simulator_messages) StdoutLine: {'line': b'-- Install configuration: ""\n'}
[5.349288] (simulator_messages) StdoutLine: {'line': b'-- Installing: /home/pengyh/workspace/FreeAskAgent/closed_loop/ros2/install/simulator_messages/share/ament_index/resource_index/rosidl_interfaces/simulator_messages\n'}
[5.349523] (simulator_messages) StdoutLine: {'line': b'-- Installing: /home/pengyh/workspace/FreeAskAgent/closed_loop/ros2/install/simulator_messages/share/simulator_messages/msg/NavigationCommand.json\n'}
[5.349601] (simulator_messages) StdoutLine: {'line': b'-- Installing: /home/pengyh/workspace/FreeAskAgent/closed_loop/ros2/install/simulator_messages/include/simulator_messages/simulator_messages\n'}
[5.349828] (simulator_messages) StdoutLine: {'line': b'-- Installing: /home/pengyh/workspace/FreeAskAgent/closed_loop/ros2/install/simulator_messages/include/simulator_messages/simulator_messages/msg\n'}
[5.349915] (simulator_messages) StdoutLine: {'line': b'-- Installing: /home/pengyh/workspace/FreeAskAgent/closed_loop/ros2/install/simulator_messages/include/simulator_messages/simulator_messages/msg/detail\n'}
[5.350043] (simulator_messages) StdoutLine: {'line': b'-- Installing: /home/pengyh/workspace/FreeAskAgent/closed_loop/ros2/install/simulator_messages/include/simulator_messages/simulator_messages/msg/detail/navigation_command__type_support.h\n'}
[5.350084] (simulator_messages) StdoutLine: {'line': b'-- Installing: /home/pengyh/workspace/FreeAskAgent/closed_loop/ros2/install/simulator_messages/include/simulator_messages/simulator_messages/msg/detail/navigation_command__functions.c\n'}
[5.350143] (simulator_messages) StdoutLine: {'line': b'-- Installing: /home/pengyh/workspace/FreeAskAgent/closed_loop/ros2/install/simulator_messages/include/simulator_messages/simulator_messages/msg/detail/navigation_command__struct.h\n'}
[5.350179] (simulator_messages) StdoutLine: {'line': b'-- Installing: /home/pengyh/workspace/FreeAskAgent/closed_loop/ros2/install/simulator_messages/include/simulator_messages/simulator_messages/msg/detail/navigation_command__functions.h\n'}
[5.350245] (simulator_messages) StdoutLine: {'line': b'-- Installing: /home/pengyh/workspace/FreeAskAgent/closed_loop/ros2/install/simulator_messages/include/simulator_messages/simulator_messages/msg/detail/navigation_command__description.c\n'}
[5.350435] (simulator_messages) StdoutLine: {'line': b'-- Installing: /home/pengyh/workspace/FreeAskAgent/closed_loop/ros2/install/simulator_messages/include/simulator_messages/simulator_messages/msg/detail/navigation_command__type_support.c\n'}
[5.350599] (simulator_messages) StdoutLine: {'line': b'-- Installing: /home/pengyh/workspace/FreeAskAgent/closed_loop/ros2/install/simulator_messages/include/simulator_messages/simulator_messages/msg/rosidl_generator_c__visibility_control.h\n'}
[5.350748] (simulator_messages) StdoutLine: {'line': b'-- Installing: /home/pengyh/workspace/FreeAskAgent/closed_loop/ros2/install/simulator_messages/include/simulator_messages/simulator_messages/msg/navigation_command.h\n'}
[5.350969] (simulator_messages) StdoutLine: {'line': b'-- Installing: /home/pengyh/workspace/FreeAskAgent/closed_loop/ros2/install/simulator_messages/share/simulator_messages/environment/library_path.sh\n'}
[5.351116] (simulator_messages) StdoutLine: {'line': b'-- Installing: /home/pengyh/workspace/FreeAskAgent/closed_loop/ros2/install/simulator_messages/share/simulator_messages/environment/library_path.dsv\n'}
[5.351253] (simulator_messages) StdoutLine: {'line': b'-- Installing: /home/pengyh/workspace/FreeAskAgent/closed_loop/ros2/install/simulator_messages/lib/libsimulator_messages__rosidl_generator_c.so\n'}
[5.351379] (simulator_messages) StdoutLine: {'line': b'-- Set non-toolchain portion of runtime path of "/home/pengyh/workspace/FreeAskAgent/closed_loop/ros2/install/simulator_messages/lib/libsimulator_messages__rosidl_generator_c.so" to ""\n'}
[5.351496] (simulator_messages) StdoutLine: {'line': b'-- Up-to-date: /home/pengyh/workspace/FreeAskAgent/closed_loop/ros2/install/simulator_messages/include/simulator_messages/simulator_messages\n'}
[5.351714] (simulator_messages) StdoutLine: {'line': b'-- Up-to-date: /home/pengyh/workspace/FreeAskAgent/closed_loop/ros2/install/simulator_messages/include/simulator_messages/simulator_messages/msg\n'}
[5.351806] (simulator_messages) StdoutLine: {'line': b'-- Installing: /home/pengyh/workspace/FreeAskAgent/closed_loop/ros2/install/simulator_messages/include/simulator_messages/simulator_messages/msg/rosidl_typesupport_fastrtps_c__visibility_control.h\n'}
[5.351904] (simulator_messages) StdoutLine: {'line': b'-- Up-to-date: /home/pengyh/workspace/FreeAskAgent/closed_loop/ros2/install/simulator_messages/include/simulator_messages/simulator_messages/msg/detail\n'}
[5.352014] (simulator_messages) StdoutLine: {'line': b'-- Installing: /home/pengyh/workspace/FreeAskAgent/closed_loop/ros2/install/simulator_messages/include/simulator_messages/simulator_messages/msg/detail/navigation_command__rosidl_typesupport_fastrtps_c.h\n'}
[5.352158] (simulator_messages) StdoutLine: {'line': b'-- Installing: /home/pengyh/workspace/FreeAskAgent/closed_loop/ros2/install/simulator_messages/lib/libsimulator_messages__rosidl_typesupport_fastrtps_c.so\n'}
[5.352399] (simulator_messages) StdoutLine: {'line': b'-- Set non-toolchain portion of runtime path of "/home/pengyh/workspace/FreeAskAgent/closed_loop/ros2/install/simulator_messages/lib/libsimulator_messages__rosidl_typesupport_fastrtps_c.so" to ""\n'}
[5.352506] (simulator_messages) StdoutLine: {'line': b'-- Up-to-date: /home/pengyh/workspace/FreeAskAgent/closed_loop/ros2/install/simulator_messages/include/simulator_messages/simulator_messages\n'}
[5.352594] (simulator_messages) StdoutLine: {'line': b'-- Up-to-date: /home/pengyh/workspace/FreeAskAgent/closed_loop/ros2/install/simulator_messages/include/simulator_messages/simulator_messages/msg\n'}
[5.352667] (simulator_messages) StdoutLine: {'line': b'-- Installing: /home/pengyh/workspace/FreeAskAgent/closed_loop/ros2/install/simulator_messages/include/simulator_messages/simulator_messages/msg/rosidl_typesupport_introspection_c__visibility_control.h\n'}
[5.352771] (simulator_messages) StdoutLine: {'line': b'-- Up-to-date: /home/pengyh/workspace/FreeAskAgent/closed_loop/ros2/install/simulator_messages/include/simulator_messages/simulator_messages/msg/detail\n'}
[5.352835] (simulator_messages) StdoutLine: {'line': b'-- Installing: /home/pengyh/workspace/FreeAskAgent/closed_loop/ros2/install/simulator_messages/include/simulator_messages/simulator_messages/msg/detail/navigation_command__rosidl_typesupport_introspection_c.h\n'}
[5.352948] (simulator_messages) StdoutLine: {'line': b'-- Up-to-date: /home/pengyh/workspace/FreeAskAgent/closed_loop/ros2/install/simulator_messages/include/simulator_messages/simulator_messages/msg/detail/navigation_command__type_support.c\n'}
[5.352989] (simulator_messages) StdoutLine: {'line': b'-- Installing: /home/pengyh/workspace/FreeAskAgent/closed_loop/ros2/install/simulator_messages/lib/libsimulator_messages__rosidl_typesupport_introspection_c.so\n'}
[5.353017] (simulator_messages) StdoutLine: {'line': b'-- Set non-toolchain portion of runtime path of "/home/pengyh/workspace/FreeAskAgent/closed_loop/ros2/install/simulator_messages/lib/libsimulator_messages__rosidl_typesupport_introspection_c.so" to ""\n'}
[5.353076] (simulator_messages) StdoutLine: {'line': b'-- Installing: /home/pengyh/workspace/FreeAskAgent/closed_loop/ros2/install/simulator_messages/lib/libsimulator_messages__rosidl_typesupport_c.so\n'}
[5.353124] (simulator_messages) StdoutLine: {'line': b'-- Set non-toolchain portion of runtime path of "/home/pengyh/workspace/FreeAskAgent/closed_loop/ros2/install/simulator_messages/lib/libsimulator_messages__rosidl_typesupport_c.so" to ""\n'}
[5.353152] (simulator_messages) StdoutLine: {'line': b'-- Up-to-date: /home/pengyh/workspace/FreeAskAgent/closed_loop/ros2/install/simulator_messages/include/simulator_messages/simulator_messages\n'}
[5.353241] (simulator_messages) StdoutLine: {'line': b'-- Up-to-date: /home/pengyh/workspace/FreeAskAgent/closed_loop/ros2/install/simulator_messages/include/simulator_messages/simulator_messages/msg\n'}
[5.353351] (simulator_messages) StdoutLine: {'line': b'-- Installing: /home/pengyh/workspace/FreeAskAgent/closed_loop/ros2/install/simulator_messages/include/simulator_messages/simulator_messages/msg/rosidl_generator_cpp__visibility_control.hpp\n'}
[5.353433] (simulator_messages) StdoutLine: {'line': b'-- Up-to-date: /home/pengyh/workspace/FreeAskAgent/closed_loop/ros2/install/simulator_messages/include/simulator_messages/simulator_messages/msg/detail\n'}
[5.353468] (simulator_messages) StdoutLine: {'line': b'-- Installing: /home/pengyh/workspace/FreeAskAgent/closed_loop/ros2/install/simulator_messages/include/simulator_messages/simulator_messages/msg/detail/navigation_command__struct.hpp\n'}
[5.353532] (simulator_messages) StdoutLine: {'line': b'-- Installing: /home/pengyh/workspace/FreeAskAgent/closed_loop/ros2/install/simulator_messages/include/simulator_messages/simulator_messages/msg/detail/navigation_command__builder.hpp\n'}
[5.353568] (simulator_messages) StdoutLine: {'line': b'-- Installing: /home/pengyh/workspace/FreeAskAgent/closed_loop/ros2/install/simulator_messages/include/simulator_messages/simulator_messages/msg/detail/navigation_command__traits.hpp\n'}
[5.353598] (simulator_messages) StdoutLine: {'line': b'-- Installing: /home/pengyh/workspace/FreeAskAgent/closed_loop/ros2/install/simulator_messages/include/simulator_messages/simulator_messages/msg/detail/navigation_command__type_support.hpp\n'}
[5.353627] (simulator_messages) StdoutLine: {'line': b'-- Installing: /home/pengyh/workspace/FreeAskAgent/closed_loop/ros2/install/simulator_messages/include/simulator_messages/simulator_messages/msg/navigation_command.hpp\n'}
[5.353697] (simulator_messages) StdoutLine: {'line': b'-- Up-to-date: /home/pengyh/workspace/FreeAskAgent/closed_loop/ros2/install/simulator_messages/include/simulator_messages/simulator_messages\n'}
[5.353755] (simulator_messages) StdoutLine: {'line': b'-- Up-to-date: /home/pengyh/workspace/FreeAskAgent/closed_loop/ros2/install/simulator_messages/include/simulator_messages/simulator_messages/msg\n'}
[5.353786] (simulator_messages) StdoutLine: {'line': b'-- Installing: /home/pengyh/workspace/FreeAskAgent/closed_loop/ros2/install/simulator_messages/include/simulator_messages/simulator_messages/msg/rosidl_typesupport_fastrtps_cpp__visibility_control.h\n'}
[5.353900] (simulator_messages) StdoutLine: {'line': b'-- Up-to-date: /home/pengyh/workspace/FreeAskAgent/closed_loop/ros2/install/simulator_messages/include/simulator_messages/simulator_messages/msg/detail\n'}
[5.353975] (simulator_messages) StdoutLine: {'line': b'-- Installing: /home/pengyh/workspace/FreeAskAgent/closed_loop/ros2/install/simulator_messages/include/simulator_messages/simulator_messages/msg/detail/dds_fastrtps\n'}
[5.354005] (simulator_messages) StdoutLine: {'line': b'-- Installing: /home/pengyh/workspace/FreeAskAgent/closed_loop/ros2/install/simulator_messages/include/simulator_messages/simulator_messages/msg/detail/navigation_command__rosidl_typesupport_fastrtps_cpp.hpp\n'}
[5.354060] (simulator_messages) StdoutLine: {'line': b'-- Installing: /home/pengyh/workspace/FreeAskAgent/closed_loop/ros2/install/simulator_messages/lib/libsimulator_messages__rosidl_typesupport_fastrtps_cpp.so\n'}
[5.354231] (simulator_messages) StdoutLine: {'line': b'-- Set non-toolchain portion of runtime path of "/home/pengyh/workspace/FreeAskAgent/closed_loop/ros2/install/simulator_messages/lib/libsimulator_messages__rosidl_typesupport_fastrtps_cpp.so" to ""\n'}
[5.354423] (simulator_messages) StdoutLine: {'line': b'-- Up-to-date: /home/pengyh/workspace/FreeAskAgent/closed_loop/ros2/install/simulator_messages/include/simulator_messages/simulator_messages\n'}
[5.354474] (simulator_messages) StdoutLine: {'line': b'-- Up-to-date: /home/pengyh/workspace/FreeAskAgent/closed_loop/ros2/install/simulator_messages/include/simulator_messages/simulator_messages/msg\n'}
[5.354510] (simulator_messages) StdoutLine: {'line': b'-- Up-to-date: /home/pengyh/workspace/FreeAskAgent/closed_loop/ros2/install/simulator_messages/include/simulator_messages/simulator_messages/msg/detail\n'}
[5.354541] (simulator_messages) StdoutLine: {'line': b'-- Installing: /home/pengyh/workspace/FreeAskAgent/closed_loop/ros2/install/simulator_messages/include/simulator_messages/simulator_messages/msg/detail/navigation_command__type_support.cpp\n'}
[5.354594] (simulator_messages) StdoutLine: {'line': b'-- Installing: /home/pengyh/workspace/FreeAskAgent/closed_loop/ros2/install/simulator_messages/include/simulator_messages/simulator_messages/msg/detail/navigation_command__rosidl_typesupport_introspection_cpp.hpp\n'}
[5.354630] (simulator_messages) StdoutLine: {'line': b'-- Installing: /home/pengyh/workspace/FreeAskAgent/closed_loop/ros2/install/simulator_messages/lib/libsimulator_messages__rosidl_typesupport_introspection_cpp.so\n'}
[5.354684] (simulator_messages) StdoutLine: {'line': b'-- Set non-toolchain portion of runtime path of "/home/pengyh/workspace/FreeAskAgent/closed_loop/ros2/install/simulator_messages/lib/libsimulator_messages__rosidl_typesupport_introspection_cpp.so" to ""\n'}
[5.354988] (simulator_messages) StdoutLine: {'line': b'-- Installing: /home/pengyh/workspace/FreeAskAgent/closed_loop/ros2/install/simulator_messages/lib/libsimulator_messages__rosidl_typesupport_cpp.so\n'}
[5.355091] (simulator_messages) StdoutLine: {'line': b'-- Set non-toolchain portion of runtime path of "/home/pengyh/workspace/FreeAskAgent/closed_loop/ros2/install/simulator_messages/lib/libsimulator_messages__rosidl_typesupport_cpp.so" to ""\n'}
[5.355155] (simulator_messages) StdoutLine: {'line': b'-- Installing: /home/pengyh/workspace/FreeAskAgent/closed_loop/ros2/install/simulator_messages/share/simulator_messages/environment/pythonpath.sh\n'}
[5.355212] (simulator_messages) StdoutLine: {'line': b'-- Installing: /home/pengyh/workspace/FreeAskAgent/closed_loop/ros2/install/simulator_messages/share/simulator_messages/environment/pythonpath.dsv\n'}
[5.355271] (simulator_messages) StdoutLine: {'line': b'-- Installing: /home/pengyh/workspace/FreeAskAgent/closed_loop/ros2/install/simulator_messages/lib/python3.12/site-packages/simulator_messages-0.0.0-py3.12.egg-info\n'}
[5.355602] (simulator_messages) StdoutLine: {'line': b'-- Installing: /home/pengyh/workspace/FreeAskAgent/closed_loop/ros2/install/simulator_messages/lib/python3.12/site-packages/simulator_messages-0.0.0-py3.12.egg-info/top_level.txt\n'}
[5.355840] (simulator_messages) StdoutLine: {'line': b'-- Installing: /home/pengyh/workspace/FreeAskAgent/closed_loop/ros2/install/simulator_messages/lib/python3.12/site-packages/simulator_messages-0.0.0-py3.12.egg-info/PKG-INFO\n'}
[5.355910] (simulator_messages) StdoutLine: {'line': b'-- Installing: /home/pengyh/workspace/FreeAskAgent/closed_loop/ros2/install/simulator_messages/lib/python3.12/site-packages/simulator_messages-0.0.0-py3.12.egg-info/SOURCES.txt\n'}
[5.356005] (simulator_messages) StdoutLine: {'line': b'-- Installing: /home/pengyh/workspace/FreeAskAgent/closed_loop/ros2/install/simulator_messages/lib/python3.12/site-packages/simulator_messages-0.0.0-py3.12.egg-info/dependency_links.txt\n'}
[5.356066] (simulator_messages) StdoutLine: {'line': b'-- Installing: /home/pengyh/workspace/FreeAskAgent/closed_loop/ros2/install/simulator_messages/lib/python3.12/site-packages/simulator_messages\n'}
[5.356198] (simulator_messages) StdoutLine: {'line': b'-- Installing: /home/pengyh/workspace/FreeAskAgent/closed_loop/ros2/install/simulator_messages/lib/python3.12/site-packages/simulator_messages/_simulator_messages_s.ep.rosidl_typesupport_introspection_c.c\n'}
[5.356276] (simulator_messages) StdoutLine: {'line': b'-- Installing: /home/pengyh/workspace/FreeAskAgent/closed_loop/ros2/install/simulator_messages/lib/python3.12/site-packages/simulator_messages/msg\n'}
[5.356383] (simulator_messages) StdoutLine: {'line': b'-- Installing: /home/pengyh/workspace/FreeAskAgent/closed_loop/ros2/install/simulator_messages/lib/python3.12/site-packages/simulator_messages/msg/_navigation_command_s.c\n'}
[5.356575] (simulator_messages) StdoutLine: {'line': b'-- Installing: /home/pengyh/workspace/FreeAskAgent/closed_loop/ros2/install/simulator_messages/lib/python3.12/site-packages/simulator_messages/msg/_navigation_command.py\n'}
[5.356764] (simulator_messages) StdoutLine: {'line': b'-- Installing: /home/pengyh/workspace/FreeAskAgent/closed_loop/ros2/install/simulator_messages/lib/python3.12/site-packages/simulator_messages/msg/__init__.py\n'}
[5.356866] (simulator_messages) StdoutLine: {'line': b'-- Installing: /home/pengyh/workspace/FreeAskAgent/closed_loop/ros2/install/simulator_messages/lib/python3.12/site-packages/simulator_messages/simulator_messages_s__rosidl_typesupport_c.so\n'}
[5.357027] (simulator_messages) StdoutLine: {'line': b'-- Installing: /home/pengyh/workspace/FreeAskAgent/closed_loop/ros2/install/simulator_messages/lib/python3.12/site-packages/simulator_messages/simulator_messages_s__rosidl_typesupport_introspection_c.so\n'}
[5.357138] (simulator_messages) StdoutLine: {'line': b'-- Installing: /home/pengyh/workspace/FreeAskAgent/closed_loop/ros2/install/simulator_messages/lib/python3.12/site-packages/simulator_messages/__init__.py\n'}
[5.357180] (simulator_messages) StdoutLine: {'line': b'-- Installing: /home/pengyh/workspace/FreeAskAgent/closed_loop/ros2/install/simulator_messages/lib/python3.12/site-packages/simulator_messages/_simulator_messages_s.ep.rosidl_typesupport_fastrtps_c.c\n'}
[5.357272] (simulator_messages) StdoutLine: {'line': b'-- Installing: /home/pengyh/workspace/FreeAskAgent/closed_loop/ros2/install/simulator_messages/lib/python3.12/site-packages/simulator_messages/_simulator_messages_s.ep.rosidl_typesupport_c.c\n'}
[5.357307] (simulator_messages) StdoutLine: {'line': b'-- Installing: /home/pengyh/workspace/FreeAskAgent/closed_loop/ros2/install/simulator_messages/lib/python3.12/site-packages/simulator_messages/simulator_messages_s__rosidl_typesupport_fastrtps_c.so\n'}
[5.386652] (simulator_messages) StdoutLine: {'line': b"Listing '/home/pengyh/workspace/FreeAskAgent/closed_loop/ros2/install/simulator_messages/lib/python3.12/site-packages/simulator_messages'...\n"}
[5.386831] (simulator_messages) StdoutLine: {'line': b"Compiling '/home/pengyh/workspace/FreeAskAgent/closed_loop/ros2/install/simulator_messages/lib/python3.12/site-packages/simulator_messages/__init__.py'...\n"}
[5.386870] (simulator_messages) StdoutLine: {'line': b"Listing '/home/pengyh/workspace/FreeAskAgent/closed_loop/ros2/install/simulator_messages/lib/python3.12/site-packages/simulator_messages/msg'...\n"}
[5.386906] (simulator_messages) StdoutLine: {'line': b"Compiling '/home/pengyh/workspace/FreeAskAgent/closed_loop/ros2/install/simulator_messages/lib/python3.12/site-packages/simulator_messages/msg/__init__.py'...\n"}
[5.386937] (simulator_messages) StdoutLine: {'line': b"Compiling '/home/pengyh/workspace/FreeAskAgent/closed_loop/ros2/install/simulator_messages/lib/python3.12/site-packages/simulator_messages/msg/_navigation_command.py'...\n"}
[5.390554] (simulator_messages) StdoutLine: {'line': b'-- Installing: /home/pengyh/workspace/FreeAskAgent/closed_loop/ros2/install/simulator_messages/lib/python3.12/site-packages/simulator_messages/simulator_messages_s__rosidl_typesupport_fastrtps_c.so\n'}
[5.390828] (simulator_messages) StdoutLine: {'line': b'-- Set non-toolchain portion of runtime path of "/home/pengyh/workspace/FreeAskAgent/closed_loop/ros2/install/simulator_messages/lib/python3.12/site-packages/simulator_messages/simulator_messages_s__rosidl_typesupport_fastrtps_c.so" to ""\n'}
[5.390925] (simulator_messages) StdoutLine: {'line': b'-- Installing: /home/pengyh/workspace/FreeAskAgent/closed_loop/ros2/install/simulator_messages/lib/python3.12/site-packages/simulator_messages/simulator_messages_s__rosidl_typesupport_introspection_c.so\n'}
[5.391008] (simulator_messages) StdoutLine: {'line': b'-- Set non-toolchain portion of runtime path of "/home/pengyh/workspace/FreeAskAgent/closed_loop/ros2/install/simulator_messages/lib/python3.12/site-packages/simulator_messages/simulator_messages_s__rosidl_typesupport_introspection_c.so" to ""\n'}
[5.391131] (simulator_messages) StdoutLine: {'line': b'-- Installing: /home/pengyh/workspace/FreeAskAgent/closed_loop/ros2/install/simulator_messages/lib/python3.12/site-packages/simulator_messages/simulator_messages_s__rosidl_typesupport_c.so\n'}
[5.391169] (simulator_messages) StdoutLine: {'line': b'-- Set non-toolchain portion of runtime path of "/home/pengyh/workspace/FreeAskAgent/closed_loop/ros2/install/simulator_messages/lib/python3.12/site-packages/simulator_messages/simulator_messages_s__rosidl_typesupport_c.so" to ""\n'}
[5.391197] (simulator_messages) StdoutLine: {'line': b'-- Installing: /home/pengyh/workspace/FreeAskAgent/closed_loop/ros2/install/simulator_messages/lib/libsimulator_messages__rosidl_generator_py.so\n'}
[5.391251] (simulator_messages) StdoutLine: {'line': b'-- Set non-toolchain portion of runtime path of "/home/pengyh/workspace/FreeAskAgent/closed_loop/ros2/install/simulator_messages/lib/libsimulator_messages__rosidl_generator_py.so" to ""\n'}
[5.391279] (simulator_messages) StdoutLine: {'line': b'-- Installing: /home/pengyh/workspace/FreeAskAgent/closed_loop/ros2/install/simulator_messages/share/simulator_messages/msg/NavigationCommand.idl\n'}
[5.391378] (simulator_messages) StdoutLine: {'line': b'-- Installing: /home/pengyh/workspace/FreeAskAgent/closed_loop/ros2/install/simulator_messages/share/simulator_messages/msg/NavigationCommand.msg\n'}
[5.391900] (simulator_messages) StdoutLine: {'line': b'-- Installing: /home/pengyh/workspace/FreeAskAgent/closed_loop/ros2/install/simulator_messages/share/ament_index/resource_index/package_run_dependencies/simulator_messages\n'}
[5.392142] (simulator_messages) StdoutLine: {'line': b'-- Installing: /home/pengyh/workspace/FreeAskAgent/closed_loop/ros2/install/simulator_messages/share/ament_index/resource_index/parent_prefix_path/simulator_messages\n'}
[5.392223] (simulator_messages) StdoutLine: {'line': b'-- Installing: /home/pengyh/workspace/FreeAskAgent/closed_loop/ros2/install/simulator_messages/share/simulator_messages/environment/ament_prefix_path.sh\n'}
[5.392322] (simulator_messages) StdoutLine: {'line': b'-- Installing: /home/pengyh/workspace/FreeAskAgent/closed_loop/ros2/install/simulator_messages/share/simulator_messages/environment/ament_prefix_path.dsv\n'}
[5.392445] (simulator_messages) StdoutLine: {'line': b'-- Installing: /home/pengyh/workspace/FreeAskAgent/closed_loop/ros2/install/simulator_messages/share/simulator_messages/environment/path.sh\n'}
[5.392543] (simulator_messages) StdoutLine: {'line': b'-- Installing: /home/pengyh/workspace/FreeAskAgent/closed_loop/ros2/install/simulator_messages/share/simulator_messages/environment/path.dsv\n'}
[5.392581] (simulator_messages) StdoutLine: {'line': b'-- Installing: /home/pengyh/workspace/FreeAskAgent/closed_loop/ros2/install/simulator_messages/share/simulator_messages/local_setup.bash\n'}
[5.392640] (simulator_messages) StdoutLine: {'line': b'-- Installing: /home/pengyh/workspace/FreeAskAgent/closed_loop/ros2/install/simulator_messages/share/simulator_messages/local_setup.sh\n'}
[5.392797] (simulator_messages) StdoutLine: {'line': b'-- Installing: /home/pengyh/workspace/FreeAskAgent/closed_loop/ros2/install/simulator_messages/share/simulator_messages/local_setup.zsh\n'}
[5.392982] (simulator_messages) StdoutLine: {'line': b'-- Installing: /home/pengyh/workspace/FreeAskAgent/closed_loop/ros2/install/simulator_messages/share/simulator_messages/local_setup.dsv\n'}
[5.393100] (simulator_messages) StdoutLine: {'line': b'-- Installing: /home/pengyh/workspace/FreeAskAgent/closed_loop/ros2/install/simulator_messages/share/simulator_messages/package.dsv\n'}
[5.393307] (simulator_messages) StdoutLine: {'line': b'-- Installing: /home/pengyh/workspace/FreeAskAgent/closed_loop/ros2/install/simulator_messages/share/ament_index/resource_index/packages/simulator_messages\n'}
[5.393467] (simulator_messages) StdoutLine: {'line': b'-- Installing: /home/pengyh/workspace/FreeAskAgent/closed_loop/ros2/install/simulator_messages/share/simulator_messages/cmake/export_simulator_messages__rosidl_generator_cExport.cmake\n'}
[5.393579] (simulator_messages) StdoutLine: {'line': b'-- Installing: /home/pengyh/workspace/FreeAskAgent/closed_loop/ros2/install/simulator_messages/share/simulator_messages/cmake/export_simulator_messages__rosidl_generator_cExport-noconfig.cmake\n'}
[5.393776] (simulator_messages) StdoutLine: {'line': b'-- Installing: /home/pengyh/workspace/FreeAskAgent/closed_loop/ros2/install/simulator_messages/share/simulator_messages/cmake/export_simulator_messages__rosidl_typesupport_fastrtps_cExport.cmake\n'}
[5.393838] (simulator_messages) StdoutLine: {'line': b'-- Installing: /home/pengyh/workspace/FreeAskAgent/closed_loop/ros2/install/simulator_messages/share/simulator_messages/cmake/export_simulator_messages__rosidl_typesupport_fastrtps_cExport-noconfig.cmake\n'}
[5.393871] (simulator_messages) StdoutLine: {'line': b'-- Installing: /home/pengyh/workspace/FreeAskAgent/closed_loop/ros2/install/simulator_messages/share/simulator_messages/cmake/simulator_messages__rosidl_typesupport_introspection_cExport.cmake\n'}
[5.393906] (simulator_messages) StdoutLine: {'line': b'-- Installing: /home/pengyh/workspace/FreeAskAgent/closed_loop/ros2/install/simulator_messages/share/simulator_messages/cmake/simulator_messages__rosidl_typesupport_introspection_cExport-noconfig.cmake\n'}
[5.394008] (simulator_messages) StdoutLine: {'line': b'-- Installing: /home/pengyh/workspace/FreeAskAgent/closed_loop/ros2/install/simulator_messages/share/simulator_messages/cmake/simulator_messages__rosidl_typesupport_cExport.cmake\n'}
[5.394067] (simulator_messages) StdoutLine: {'line': b'-- Installing: /home/pengyh/workspace/FreeAskAgent/closed_loop/ros2/install/simulator_messages/share/simulator_messages/cmake/simulator_messages__rosidl_typesupport_cExport-noconfig.cmake\n'}
[5.394206] (simulator_messages) StdoutLine: {'line': b'-- Installing: /home/pengyh/workspace/FreeAskAgent/closed_loop/ros2/install/simulator_messages/share/simulator_messages/cmake/export_simulator_messages__rosidl_generator_cppExport.cmake\n'}
[5.394433] (simulator_messages) StdoutLine: {'line': b'-- Installing: /home/pengyh/workspace/FreeAskAgent/closed_loop/ros2/install/simulator_messages/share/simulator_messages/cmake/export_simulator_messages__rosidl_typesupport_fastrtps_cppExport.cmake\n'}
[5.394597] (simulator_messages) StdoutLine: {'line': b'-- Installing: /home/pengyh/workspace/FreeAskAgent/closed_loop/ros2/install/simulator_messages/share/simulator_messages/cmake/export_simulator_messages__rosidl_typesupport_fastrtps_cppExport-noconfig.cmake\n'}
[5.394641] (simulator_messages) StdoutLine: {'line': b'-- Installing: /home/pengyh/workspace/FreeAskAgent/closed_loop/ros2/install/simulator_messages/share/simulator_messages/cmake/simulator_messages__rosidl_typesupport_introspection_cppExport.cmake\n'}
[5.394858] (simulator_messages) StdoutLine: {'line': b'-- Installing: /home/pengyh/workspace/FreeAskAgent/closed_loop/ros2/install/simulator_messages/share/simulator_messages/cmake/simulator_messages__rosidl_typesupport_introspection_cppExport-noconfig.cmake\n'}
[5.394979] (simulator_messages) StdoutLine: {'line': b'-- Installing: /home/pengyh/workspace/FreeAskAgent/closed_loop/ros2/install/simulator_messages/share/simulator_messages/cmake/simulator_messages__rosidl_typesupport_cppExport.cmake\n'}
[5.395112] (simulator_messages) StdoutLine: {'line': b'-- Installing: /home/pengyh/workspace/FreeAskAgent/closed_loop/ros2/install/simulator_messages/share/simulator_messages/cmake/simulator_messages__rosidl_typesupport_cppExport-noconfig.cmake\n'}
[5.395163] (simulator_messages) StdoutLine: {'line': b'-- Installing: /home/pengyh/workspace/FreeAskAgent/closed_loop/ros2/install/simulator_messages/share/simulator_messages/cmake/export_simulator_messages__rosidl_generator_pyExport.cmake\n'}
[5.395254] (simulator_messages) StdoutLine: {'line': b'-- Installing: /home/pengyh/workspace/FreeAskAgent/closed_loop/ros2/install/simulator_messages/share/simulator_messages/cmake/export_simulator_messages__rosidl_generator_pyExport-noconfig.cmake\n'}
[5.395375] (simulator_messages) StdoutLine: {'line': b'-- Installing: /home/pengyh/workspace/FreeAskAgent/closed_loop/ros2/install/simulator_messages/share/simulator_messages/cmake/rosidl_cmake-extras.cmake\n'}
[5.395608] (simulator_messages) StdoutLine: {'line': b'-- Installing: /home/pengyh/workspace/FreeAskAgent/closed_loop/ros2/install/simulator_messages/share/simulator_messages/cmake/ament_cmake_export_dependencies-extras.cmake\n'}
[5.395800] (simulator_messages) StdoutLine: {'line': b'-- Installing: /home/pengyh/workspace/FreeAskAgent/closed_loop/ros2/install/simulator_messages/share/simulator_messages/cmake/ament_cmake_export_include_directories-extras.cmake\n'}
[5.395853] (simulator_messages) StdoutLine: {'line': b'-- Installing: /home/pengyh/workspace/FreeAskAgent/closed_loop/ros2/install/simulator_messages/share/simulator_messages/cmake/ament_cmake_export_libraries-extras.cmake\n'}
[5.395922] (simulator_messages) StdoutLine: {'line': b'-- Installing: /home/pengyh/workspace/FreeAskAgent/closed_loop/ros2/install/simulator_messages/share/simulator_messages/cmake/ament_cmake_export_targets-extras.cmake\n'}
[5.395951] (simulator_messages) StdoutLine: {'line': b'-- Installing: /home/pengyh/workspace/FreeAskAgent/closed_loop/ros2/install/simulator_messages/share/simulator_messages/cmake/rosidl_cmake_export_typesupport_targets-extras.cmake\n'}
[5.395976] (simulator_messages) StdoutLine: {'line': b'-- Installing: /home/pengyh/workspace/FreeAskAgent/closed_loop/ros2/install/simulator_messages/share/simulator_messages/cmake/rosidl_cmake_export_typesupport_libraries-extras.cmake\n'}
[5.395999] (simulator_messages) StdoutLine: {'line': b'-- Installing: /home/pengyh/workspace/FreeAskAgent/closed_loop/ros2/install/simulator_messages/share/simulator_messages/cmake/simulator_messagesConfig.cmake\n'}
[5.396021] (simulator_messages) StdoutLine: {'line': b'-- Installing: /home/pengyh/workspace/FreeAskAgent/closed_loop/ros2/install/simulator_messages/share/simulator_messages/cmake/simulator_messagesConfig-version.cmake\n'}
[5.396043] (simulator_messages) StdoutLine: {'line': b'-- Installing: /home/pengyh/workspace/FreeAskAgent/closed_loop/ros2/install/simulator_messages/share/simulator_messages/package.xml\n'}
[5.397610] (simulator_messages) CommandEnded: {'returncode': 0}
[5.408615] (-) TimerEvent: {}
[5.411331] (simulator_messages) JobEnded: {'identifier': 'simulator_messages', 'rc': 0}
[5.411938] (vln_connector) JobStarted: {'identifier': 'vln_connector'}
[5.508748] (-) TimerEvent: {}
[5.609050] (-) TimerEvent: {}
[5.709526] (-) TimerEvent: {}
[5.809863] (-) TimerEvent: {}
[5.910127] (-) TimerEvent: {}
[6.010399] (-) TimerEvent: {}
[6.110702] (-) TimerEvent: {}
[6.211016] (-) TimerEvent: {}
[6.238641] (vln_connector) Command: {'cmd': ['/usr/bin/python3', '-W', 'ignore:setup.py install is deprecated', '-W', 'ignore:easy_install command is deprecated', 'setup.py', 'egg_info', '--egg-base', '../../build/vln_connector', 'build', '--build-base', '/home/pengyh/workspace/FreeAskAgent/closed_loop/ros2/build/vln_connector/build', 'install', '--record', '/home/pengyh/workspace/FreeAskAgent/closed_loop/ros2/build/vln_connector/install.log', '--single-version-externally-managed'], 'cwd': '/home/pengyh/workspace/FreeAskAgent/closed_loop/ros2/src/vln_connector', 'env': {'PYTHON_BASIC_REPL': '1', 'LESSOPEN': '| /usr/bin/lesspipe %s', 'no_proxy': 'localhost,127.0.0.1,::1', 'USER': 'pengyh', 'all_proxy': 'http://10.162.144.73:4780', 'GIT_ASKPASS': '/home/pengyh/.vscode-server/bin/994fd12f8d3a5aa16f17d42c041e5809167e845a/extensions/git/dist/askpass.sh', 'ROS_PACKAGE_PATH': '/home/pengyh/workspace/FreeAskAgent/closed_loop/ros2/install/simulator_messages/share', 'SHLVL': '1', 'LD_LIBRARY_PATH': '/home/pengyh/workspace/FreeAskAgent/closed_loop/ros2/install/simulator_messages/lib:/opt/ros/jazzy/opt/rviz_ogre_vendor/lib:/opt/ros/jazzy/lib/x86_64-linux-gnu:/opt/ros/jazzy/opt/gz_math_vendor/lib:/opt/ros/jazzy/opt/gz_utils_vendor/lib:/opt/ros/jazzy/opt/gz_cmake_vendor/lib:/opt/ros/jazzy/lib', 'HOME': '/home/pengyh', 'CONDA_SHLVL': '0', 'OLDPWD': '/home/pengyh/workspace/FreeAskAgent', 'TERM_PROGRAM_VERSION': '1.107.1', 'VSCODE_IPC_HOOK_CLI': '/run/user/1000/vscode-ipc-1594d6bc-a091-486b-8a8f-0cd92dfec6da.sock', 'ROS_PYTHON_VERSION': '3', 'VSCODE_GIT_ASKPASS_MAIN': '/home/pengyh/.vscode-server/bin/994fd12f8d3a5aa16f17d42c041e5809167e845a/extensions/git/dist/askpass-main.js', 'VSCODE_GIT_ASKPASS_NODE': '/home/pengyh/.vscode-server/bin/994fd12f8d3a5aa16f17d42c041e5809167e845a/node', 'PYDEVD_DISABLE_FILE_VALIDATION': '1', 'BUNDLED_DEBUGPY_PATH': '/home/pengyh/.vscode-server/extensions/ms-python.debugpy-2025.18.0-linux-x64/bundled/libs/debugpy', 'VSCODE_PYTHON_AUTOACTIVATE_GUARD': '1', 'DBUS_SESSION_BUS_ADDRESS': 'unix:path=/run/user/1000/bus', 'COLORTERM': 'truecolor', '_CE_M': '', 'WSL_DISTRO_NAME': 'Ubuntu-24.04', 'DEBUGINFOD_URLS': 'https://debuginfod.ubuntu.com', 'WAYLAND_DISPLAY': 'wayland-0', 'https_proxy': 'http://10.162.144.73:4780', 'ROS_DISTRO': 'jazzy', 'LOGNAME': 'pengyh', 'NAME': 'Doraemon-Desktop', 'WSL_INTEROP': '/run/WSL/490_interop', 'http_proxy': 'http://10.162.144.73:4780', 'PULSE_SERVER': 'unix:/mnt/wslg/PulseServer', '_': '/usr/bin/colcon', 'ROS_VERSION': '2', 'PKG_CONFIG_PATH': '/home/pengyh/workspace/FreeAskAgent/closed_loop/ros2/install/simulator_messages/lib/x86_64-linux-gnu/pkgconfig:/home/pengyh/workspace/FreeAskAgent/closed_loop/ros2/install/simulator_messages/lib/pkgconfig', 'TERM': 'xterm-256color', '_CE_CONDA': '', 'PATH': '/home/pengyh/.vscode-server/data/User/globalStorage/github.copilot-chat/debugCommand:/home/pengyh/.vscode-server/data/User/globalStorage/github.copilot-chat/copilotCli:/home/pengyh/.vscode-server/bin/994fd12f8d3a5aa16f17d42c041e5809167e845a/bin/remote-cli:/opt/ros/jazzy/bin:/home/pengyh/softwares/anaconda3/condabin:/usr/local/sbin:/usr/local/bin:/usr/sbin:/usr/bin:/sbin:/bin:/usr/games:/usr/local/games:/usr/lib/wsl/lib:/mnt/c/Program Files/NVIDIA GPU Computing Toolkit/CUDA/v12.9/bin:/mnt/c/Program Files/NVIDIA GPU Computing Toolkit/CUDA/v12.9/libnvvp:/mnt/d/Softwares/PlasticSCM/server:/mnt/d/Softwares/PlasticSCM/client:/mnt/c/WINDOWS/system32:/mnt/c/WINDOWS:/mnt/c/WINDOWS/System32/Wbem:/mnt/c/WINDOWS/System32/WindowsPowerShell/v1.0/:/mnt/c/WINDOWS/System32/OpenSSH/:/mnt/c/Program Files/NVIDIA Corporation/NVIDIA App/NvDLISR:/mnt/c/Program Files (x86)/NVIDIA Corporation/PhysX/Common:/mnt/c/Program Files/dotnet/:/mnt/d/Softwares/Git/Git/cmd:/mnt/c/Program Files/NVIDIA Corporation/Nsight Compute 2022.1.0/:/mnt/c/Program Files/Docker/Docker/resources/bin:/mnt/c/Program Files (x86)/Windows Kits/10/Windows Performance Toolkit/:/mnt/c/Users/彭宇航/AppData/Local/Microsoft/WindowsApps:/mnt/d/Softwares/VSCode/Microsoft VS Code/bin:/mnt/d/Tools/Anaconda:/mnt/d/Tools/Anaconda/Scripts:/mnt/d/Tools/Anaconda/Library/bin:/mnt/c/Users/彭宇航/.dotnet/tools:/snap/bin:/home/pengyh/.vscode-server/extensions/ms-python.debugpy-2025.18.0-linux-x64/bundled/scripts/noConfigScripts', 'XDG_RUNTIME_DIR': '/run/user/1000/', 'DISPLAY': ':0', 'VSCODE_DEBUGPY_ADAPTER_ENDPOINTS': '/home/pengyh/.vscode-server/extensions/ms-python.debugpy-2025.18.0-linux-x64/.noConfigDebugAdapterEndpoints/endpoint-8b119c96603a3506.txt', 'LANG': 'C.UTF-8', 'PYTHONSTARTUP': '/home/pengyh/.vscode-server/data/User/workspaceStorage/5974480726cefb12346fe730c9286c7b/ms-python.python/pythonrc.py', 'LS_COLORS': 'rs=0:di=01;34:ln=01;36:mh=00:pi=40;33:so=01;35:do=01;35:bd=40;33;01:cd=40;33;01:or=40;31;01:mi=00:su=37;41:sg=30;43:ca=00:tw=30;42:ow=34;42:st=37;44:ex=01;32:*.tar=01;31:*.tgz=01;31:*.arc=01;31:*.arj=01;31:*.taz=01;31:*.lha=01;31:*.lz4=01;31:*.lzh=01;31:*.lzma=01;31:*.tlz=01;31:*.txz=01;31:*.tzo=01;31:*.t7z=01;31:*.zip=01;31:*.z=01;31:*.dz=01;31:*.gz=01;31:*.lrz=01;31:*.lz=01;31:*.lzo=01;31:*.xz=01;31:*.zst=01;31:*.tzst=01;31:*.bz2=01;31:*.bz=01;31:*.tbz=01;31:*.tbz2=01;31:*.tz=01;31:*.deb=01;31:*.rpm=01;31:*.jar=01;31:*.war=01;31:*.ear=01;31:*.sar=01;31:*.rar=01;31:*.alz=01;31:*.ace=01;31:*.zoo=01;31:*.cpio=01;31:*.7z=01;31:*.rz=01;31:*.cab=01;31:*.wim=01;31:*.swm=01;31:*.dwm=01;31:*.esd=01;31:*.avif=01;35:*.jpg=01;35:*.jpeg=01;35:*.mjpg=01;35:*.mjpeg=01;35:*.gif=01;35:*.bmp=01;35:*.pbm=01;35:*.pgm=01;35:*.ppm=01;35:*.tga=01;35:*.xbm=01;35:*.xpm=01;35:*.tif=01;35:*.tiff=01;35:*.png=01;35:*.svg=01;35:*.svgz=01;35:*.mng=01;35:*.pcx=01;35:*.mov=01;35:*.mpg=01;35:*.mpeg=01;35:*.m2v=01;35:*.mkv=01;35:*.webm=01;35:*.webp=01;35:*.ogm=01;35:*.mp4=01;35:*.m4v=01;35:*.mp4v=01;35:*.vob=01;35:*.qt=01;35:*.nuv=01;35:*.wmv=01;35:*.asf=01;35:*.rm=01;35:*.rmvb=01;35:*.flc=01;35:*.avi=01;35:*.fli=01;35:*.flv=01;35:*.gl=01;35:*.dl=01;35:*.xcf=01;35:*.xwd=01;35:*.yuv=01;35:*.cgm=01;35:*.emf=01;35:*.ogv=01;35:*.ogx=01;35:*.aac=00;36:*.au=00;36:*.flac=00;36:*.m4a=00;36:*.mid=00;36:*.midi=00;36:*.mka=00;36:*.mp3=00;36:*.mpc=00;36:*.ogg=00;36:*.ra=00;36:*.wav=00;36:*.oga=00;36:*.opus=00;36:*.spx=00;36:*.xspf=00;36:*~=00;90:*#=00;90:*.bak=00;90:*.crdownload=00;90:*.dpkg-dist=00;90:*.dpkg-new=00;90:*.dpkg-old=00;90:*.dpkg-tmp=00;90:*.old=00;90:*.orig=00;90:*.part=00;90:*.rej=00;90:*.rpmnew=00;90:*.rpmorig=00;90:*.rpmsave=00;90:*.swp=00;90:*.tmp=00;90:*.ucf-dist=00;90:*.ucf-new=00;90:*.ucf-old=00;90:', 'VSCODE_GIT_IPC_HANDLE': '/run/user/1000/vscode-git-7ec00a5a3c.sock', 'TERM_PROGRAM': 'vscode', 'hostip': '10.162.144.73', 'AMENT_PREFIX_PATH': '/opt/ros/jazzy', 'CONDA_PYTHON_EXE': '/home/pengyh/softwares/anaconda3/bin/python', 'SHELL': '/bin/bash', 'LESSCLOSE': '/usr/bin/lesspipe %s %s', 'ROS_AUTOMATIC_DISCOVERY_RANGE': 'SUBNET', 'VSCODE_GIT_ASKPASS_EXTRA_ARGS': '', 'PWD': '/home/pengyh/workspace/FreeAskAgent/closed_loop/ros2/build/vln_connector', 'CONDA_EXE': '/home/pengyh/softwares/anaconda3/bin/conda', 'XDG_DATA_DIRS': '/usr/local/share:/usr/share:/var/lib/snapd/desktop', 'PYTHONPATH': '/home/pengyh/workspace/FreeAskAgent/closed_loop/ros2/build/vln_connector/prefix_override:/usr/lib/python3/dist-packages/colcon_core/task/python/colcon_distutils_commands:/home/pengyh/workspace/FreeAskAgent/closed_loop/ros2/install/vln_connector/lib/python3.12/site-packages:/home/pengyh/workspace/FreeAskAgent/closed_loop/ros2/install/simulator_messages/lib/python3.12/site-packages:/opt/ros/jazzy/lib/python3.12/site-packages', 'COLCON': '1', 'WSL2_GUI_APPS_ENABLED': '1', 'HOSTTYPE': 'x86_64', 'CMAKE_PREFIX_PATH': '/home/pengyh/workspace/FreeAskAgent/closed_loop/ros2/install/simulator_messages:/opt/ros/jazzy/opt/gz_math_vendor:/opt/ros/jazzy/opt/gz_utils_vendor:/opt/ros/jazzy/opt/gz_cmake_vendor', 'WSLENV': 'VSCODE_WSL_EXT_LOCATION/up'}, 'shell': False}
[6.311130] (-) TimerEvent: {}
[6.382571] (vln_connector) StdoutLine: {'line': b'running egg_info\n'}
[6.382826] (vln_connector) StdoutLine: {'line': b'creating ../../build/vln_connector/vln_connector.egg-info\n'}
[6.395622] (vln_connector) StdoutLine: {'line': b'writing ../../build/vln_connector/vln_connector.egg-info/PKG-INFO\n'}
[6.395793] (vln_connector) StdoutLine: {'line': b'writing dependency_links to ../../build/vln_connector/vln_connector.egg-info/dependency_links.txt\n'}
[6.395961] (vln_connector) StdoutLine: {'line': b'writing entry points to ../../build/vln_connector/vln_connector.egg-info/entry_points.txt\n'}
[6.396015] (vln_connector) StdoutLine: {'line': b'writing requirements to ../../build/vln_connector/vln_connector.egg-info/requires.txt\n'}
[6.396115] (vln_connector) StdoutLine: {'line': b'writing top-level names to ../../build/vln_connector/vln_connector.egg-info/top_level.txt\n'}
[6.396230] (vln_connector) StdoutLine: {'line': b"writing manifest file '../../build/vln_connector/vln_connector.egg-info/SOURCES.txt'\n"}
[6.411254] (-) TimerEvent: {}
[6.416336] (vln_connector) StdoutLine: {'line': b"reading manifest file '../../build/vln_connector/vln_connector.egg-info/SOURCES.txt'\n"}
[6.416680] (vln_connector) StdoutLine: {'line': b"writing manifest file '../../build/vln_connector/vln_connector.egg-info/SOURCES.txt'\n"}
[6.416801] (vln_connector) StdoutLine: {'line': b'running build\n'}
[6.416841] (vln_connector) StdoutLine: {'line': b'running build_py\n'}
[6.416928] (vln_connector) StdoutLine: {'line': b'creating /home/pengyh/workspace/FreeAskAgent/closed_loop/ros2/build/vln_connector/build\n'}
[6.417173] (vln_connector) StdoutLine: {'line': b'creating /home/pengyh/workspace/FreeAskAgent/closed_loop/ros2/build/vln_connector/build/lib\n'}
[6.417288] (vln_connector) StdoutLine: {'line': b'creating /home/pengyh/workspace/FreeAskAgent/closed_loop/ros2/build/vln_connector/build/lib/vln_connector\n'}
[6.417433] (vln_connector) StdoutLine: {'line': b'copying vln_connector/simple_baseline.py -> /home/pengyh/workspace/FreeAskAgent/closed_loop/ros2/build/vln_connector/build/lib/vln_connector\n'}
[6.417769] (vln_connector) StdoutLine: {'line': b'copying vln_connector/__init__.py -> /home/pengyh/workspace/FreeAskAgent/closed_loop/ros2/build/vln_connector/build/lib/vln_connector\n'}
[6.417883] (vln_connector) StdoutLine: {'line': b'copying vln_connector/vln_connector.py -> /home/pengyh/workspace/FreeAskAgent/closed_loop/ros2/build/vln_connector/build/lib/vln_connector\n'}
[6.418135] (vln_connector) StdoutLine: {'line': b'copying vln_connector/agent_baseline.py -> /home/pengyh/workspace/FreeAskAgent/closed_loop/ros2/build/vln_connector/build/lib/vln_connector\n'}
[6.418421] (vln_connector) StdoutLine: {'line': b'copying vln_connector/events.py -> /home/pengyh/workspace/FreeAskAgent/closed_loop/ros2/build/vln_connector/build/lib/vln_connector\n'}
[6.418797] (vln_connector) StdoutLine: {'line': b'running install\n'}
[6.422720] (vln_connector) StdoutLine: {'line': b'running install_lib\n'}
[6.436356] (vln_connector) StdoutLine: {'line': b'creating /home/pengyh/workspace/FreeAskAgent/closed_loop/ros2/install/vln_connector/lib/python3.12/site-packages/vln_connector\n'}
[6.436591] (vln_connector) StdoutLine: {'line': b'copying /home/pengyh/workspace/FreeAskAgent/closed_loop/ros2/build/vln_connector/build/lib/vln_connector/simple_baseline.py -> /home/pengyh/workspace/FreeAskAgent/closed_loop/ros2/install/vln_connector/lib/python3.12/site-packages/vln_connector\n'}
[6.436804] (vln_connector) StdoutLine: {'line': b'copying /home/pengyh/workspace/FreeAskAgent/closed_loop/ros2/build/vln_connector/build/lib/vln_connector/__init__.py -> /home/pengyh/workspace/FreeAskAgent/closed_loop/ros2/install/vln_connector/lib/python3.12/site-packages/vln_connector\n'}
[6.436935] (vln_connector) StdoutLine: {'line': b'copying /home/pengyh/workspace/FreeAskAgent/closed_loop/ros2/build/vln_connector/build/lib/vln_connector/vln_connector.py -> /home/pengyh/workspace/FreeAskAgent/closed_loop/ros2/install/vln_connector/lib/python3.12/site-packages/vln_connector\n'}
[6.437005] (vln_connector) StdoutLine: {'line': b'copying /home/pengyh/workspace/FreeAskAgent/closed_loop/ros2/build/vln_connector/build/lib/vln_connector/agent_baseline.py -> /home/pengyh/workspace/FreeAskAgent/closed_loop/ros2/install/vln_connector/lib/python3.12/site-packages/vln_connector\n'}
[6.437120] (vln_connector) StdoutLine: {'line': b'copying /home/pengyh/workspace/FreeAskAgent/closed_loop/ros2/build/vln_connector/build/lib/vln_connector/events.py -> /home/pengyh/workspace/FreeAskAgent/closed_loop/ros2/install/vln_connector/lib/python3.12/site-packages/vln_connector\n'}
[6.437343] (vln_connector) StdoutLine: {'line': b'byte-compiling /home/pengyh/workspace/FreeAskAgent/closed_loop/ros2/install/vln_connector/lib/python3.12/site-packages/vln_connector/simple_baseline.py to simple_baseline.cpython-312.pyc\n'}
[6.438085] (vln_connector) StdoutLine: {'line': b'byte-compiling /home/pengyh/workspace/FreeAskAgent/closed_loop/ros2/install/vln_connector/lib/python3.12/site-packages/vln_connector/__init__.py to __init__.cpython-312.pyc\n'}
[6.438206] (vln_connector) StdoutLine: {'line': b'byte-compiling /home/pengyh/workspace/FreeAskAgent/closed_loop/ros2/install/vln_connector/lib/python3.12/site-packages/vln_connector/vln_connector.py to vln_connector.cpython-312.pyc\n'}
[6.438873] (vln_connector) StdoutLine: {'line': b'byte-compiling /home/pengyh/workspace/FreeAskAgent/closed_loop/ros2/install/vln_connector/lib/python3.12/site-packages/vln_connector/agent_baseline.py to agent_baseline.cpython-312.pyc\n'}
[6.440111] (vln_connector) StdoutLine: {'line': b'byte-compiling /home/pengyh/workspace/FreeAskAgent/closed_loop/ros2/install/vln_connector/lib/python3.12/site-packages/vln_connector/events.py to events.cpython-312.pyc\n'}
[6.440529] (vln_connector) StdoutLine: {'line': b'running install_egg_info\n'}
[6.451398] (vln_connector) StdoutLine: {'line': b'Copying ../../build/vln_connector/vln_connector.egg-info to /home/pengyh/workspace/FreeAskAgent/closed_loop/ros2/install/vln_connector/lib/python3.12/site-packages/vln_connector-0.0.1-py3.12.egg-info\n'}
[6.451990] (vln_connector) StdoutLine: {'line': b'running install_scripts\n'}
[6.511409] (-) TimerEvent: {}
[6.523270] (vln_connector) StdoutLine: {'line': b'Installing agent_baseline script to /home/pengyh/workspace/FreeAskAgent/closed_loop/ros2/install/vln_connector/lib/vln_connector\n'}
[6.523472] (vln_connector) StdoutLine: {'line': b'Installing events script to /home/pengyh/workspace/FreeAskAgent/closed_loop/ros2/install/vln_connector/lib/vln_connector\n'}
[6.523557] (vln_connector) StdoutLine: {'line': b'Installing simple_baseline script to /home/pengyh/workspace/FreeAskAgent/closed_loop/ros2/install/vln_connector/lib/vln_connector\n'}
[6.523694] (vln_connector) StdoutLine: {'line': b'Installing vln_connector script to /home/pengyh/workspace/FreeAskAgent/closed_loop/ros2/install/vln_connector/lib/vln_connector\n'}
[6.523965] (vln_connector) StdoutLine: {'line': b"writing list of installed files to '/home/pengyh/workspace/FreeAskAgent/closed_loop/ros2/build/vln_connector/install.log'\n"}
[6.552777] (vln_connector) CommandEnded: {'returncode': 0}
[6.556581] (vln_connector) JobEnded: {'identifier': 'vln_connector', 'rc': 0}
[6.556992] (-) EventReactorShutdown: {}
